modif.no,finishded.on,dev.days,new.code,priority,lines.modif,num.modifs,new.modifs,num.modules,num.files,team.size,x1,x2,x3,x4
535768,4/19/2015,78.9,1,Low,479,59,32,7,23,4,25,0,0,53.9
551986,2/14/2014,119.1,1,Low,33,8,3,3,8,2,25,0,0,94.1
556853,12/13/2013,68.4,1,High,127,13, ,4,6,2,0,0,-15,83.4
571423,10/24/2014,2.6,0,High,46,7, ,1,1,2,0,0,-15,17.6
586528,12/11/2013,477.9,0,High,758,67,17,6,19,3,0,0,-15,492.9
592404,12/6/2013,119.3,1,High,649,58, ,6,17,5,0,0,-15,134.3
592576,12/6/2013,44.1,1,Low,58,7,4,4,4,2,25,0,0,19.1
592607,2/19/2015,132.8,1,Low,79,17, ,4,9,2,25,0,0,107.8
595380,12/4/2013,27.1,1,Medium,254,17,15,9,14,2,0,3,0,24.1
599708,12/15/2013,44.0,1,Medium,362,20,11,5,7,2,0,3,0,41.0
610080,1/1/2014,28.1,1,Medium,2127,70,34,4,18,2,0,3,0,25.1
611186,12/5/2013,62.1,1,Low,1062,70,62,8,21,3,25,0,0,37.1
611957,12/4/2013,64.0,1,Low,997,66,66,6,13,2,25,0,0,39.0
612255,12/5/2013,40.2,1,Medium,993,73,14,8,22,4,0,3,0,37.2
612272,12/5/2013,42.3,1,Medium,1691,59,32,5,16,5,0,3,0,39.3
612340,1/10/2014,192.9,1,Medium,280,24,21,4,8,2,0,3,0,189.9
612916,12/5/2013,370.1,0,High,2168,21, ,3,9,2,0,0,-15,385.1
612938,12/5/2013,35.8,0,High,427,6,5,2,2,2,0,0,-15,50.8
612976,12/5/2013,0.3,1,High,60,6, ,5,6,2,0,0,-15,1.8
612981,12/5/2013,0.3,1,High,47,6, ,5,6,2,0,0,-15,1.8
613302,12/11/2013,81.8,1,Low,1600,113,95,7,22,2,25,0,0,56.8
613426,12/12/2013,16.1,0,Medium,1100,47,44,4,10,2,0,3,0,13.1
614032,1/12/2014,50.0,1,Low,43,12,12,1,1,2,25,0,0,25.0
614123,12/19/2013,406.2,1,Medium,324,39,4,5,10,3,0,3,0,403.2
614294,12/22/2013,65.2,1,Medium,999,119,79,8,16,4,0,3,0,62.2
614297,12/20/2013,88.3,0,Medium,394,20,2,4,8,3,0,3,0,85.3
614303,1/23/2014,33.8,1,Medium,576,70,39,6,11,4,0,3,0,30.8
614304,12/25/2013,60.9,1,Medium,442,40,3,5,9,4,0,3,0,57.9
614344,12/20/2013,50.9,1,Medium,1365,58,42,7,20,3,0,3,0,47.9
614368,12/20/2013,85.1,1,Medium,1189,46,33,3,16,2,0,3,0,82.1
614379,12/20/2013,318.0,1,Low,945,93,73,18,41,3,25,0,0,293.0
614419,12/21/2013,4.9,0,VeryHigh,45,2, ,1,1,2,0,0,0,4.9
614454,12/25/2013,82.9,1,Low,823,52,29,4,11,4,25,0,0,57.9
614891,1/23/2014,22.0,1,Medium,1091,69,17,4,14,2,0,3,0,19.0
615084,1/1/2014,0.3,0,High,57,5, ,1,3,2,0,0,-15,8.9
615272,4/30/2014,63.3,1,Low,932,67,60,5,21,2,25,0,0,38.3
615661,1/9/2014,40.1,1,Medium,319,15,15,1,5,2,0,3,0,37.1
615704,1/4/2014,26.7,0,VeryHigh,123,5, ,1,1,2,0,0,0,26.7
615759,1/9/2014,14.0,1,VeryHigh,307,22,4,3,6,2,0,0,0,14.0
615858,1/24/2014,24.4,1,Medium,45,11,8,2,4,2,0,3,0,21.4
615860,1/25/2014,23.2,1,Medium,41,9,8,2,3,2,0,3,0,20.2
615942,1/12/2014,23.2,1,High,513,48, ,5,14,2,0,0,-15,38.2
616005,1/9/2014,11.8,1,Medium,2695,80,1,11,26,4,0,3,0,8.8
616013,1/9/2014,33.1,1,Medium,381,35,23,4,8,2,0,3,0,30.1
616331,1/11/2014,30.1,1,Low,373,23, ,4,17,2,25,0,0,5.1
616342,1/12/2014,28.1,1,Medium,903,33,17,6,15,2,0,3,0,25.1
616845,2/2/2014,66.9,0,High,153,3,2,1,2,2,0,0,-15,81.9
616954,1/18/2014,25.9,1,Low,96,7, ,3,5,2,25,0,0,0.9
616966,1/19/2014,0.3,1,High,15,4,4,1,1,2,0,0,-15,5.2
616976,1/19/2014,21.0,1,Medium,154,17,10,2,6,3,0,3,0,18.0
617117,2/5/2015,82.9,1,Low,189,26,5,5,12,2,25,0,0,57.9
617225,1/23/2014,0.3,1,High,14,5,1,1,2,2,0,0,-15,0.7
617242,1/23/2014,46.0,1,Low,2406,61,61,4,19,3,25,0,0,21.0
617246,1/23/2014,22.9,1,Medium,956,60,40,9,16,3,0,3,0,19.9
617378,1/24/2014,0.3,0,High,375,14,8,3,3,3,0,0,-15,6.0
617385,1/24/2014,0.3,0,High,208,15, ,3,4,2,0,0,-15,8.1
617674,1/29/2014,57.0,1,Low,376,69,60,5,60,4,25,0,0,32.0
618031,1/31/2014,30.0,1,Low,926,56, ,3,26,2,25,0,0,5.0
618169,2/1/2014,0.3,0,High,72,5, ,1,2,2,0,0,-15,13.9
618204,2/1/2014,66.0,1,Low,116,11, ,4,9,3,25,0,0,41.0
618228,1/20/2014,69.1,1,Low,74,10, ,3,8,2,25,0,0,44.1
618235,2/1/2014,0.3,1,High,169,7,1,2,2,2,0,0,-15,0.2
618239,2/19/2014,91.4,1,High,3984,232,166,6,47,4,0,0,-15,106.4
618251,2/1/2014,143.0,0,High,17,2,1,1,1,3,0,0,-15,158.0
618386,2/5/2014,104.9,1,Low,1247,164,126,7,87,2,25,0,0,79.9
618447,2/5/2014,86.0,1,High,88,23,1,6,19,2,0,0,-15,101.0
618448,2/5/2014,57.8,0,High,162,40, ,4,14,2,0,0,-15,72.8
618455,2/5/2014,212.9,0,High,118,8,2,1,1,2,0,0,-15,227.9
618458,2/13/2014,247.2,0,Medium,3620,65,18,4,41,3,0,3,0,244.2
618525,10/3/2014,47.0,0,High,1131,81,58,1,3,2,0,0,-15,62.0
618530,2/5/2014,29.8,1,Low,243,18,16,2,11,2,25,0,0,4.8
618619,2/14/2014,168.1,0,High,1259,14,3,1,1,3,0,0,-15,183.1
618935,2/9/2014,64.0,1,Low,489,33,4,6,17,2,25,0,0,39.0
618966,3/1/2014,59.9,1,High,77,10,4,3,4,5,0,0,-15,74.9
619096,2/12/2014,69.9,1,Medium,2263,79,77,8,26,3,0,3,0,66.9
619213,2/15/2014,53.3,1,Low,60,10,9,4,7,2,25,0,0,28.3
619349,2/14/2014,53.1,1,Low,804,58, ,5,22,2,25,0,0,28.1
619350,2/14/2014,6.8,0,High,311,9,4,2,8,2,0,0,-15,21.8
619357,4/10/2014,81.2,1,Low,81,11,2,2,6,3,25,0,0,56.2
619379,2/14/2014,0.3,0,High,306,5,5,2,2,2,0,0,-15,0.9
619390,2/21/2014,4.0,1,Medium,47,3,2,1,2,2,0,3,0,1.0
619593,2/16/2014,0.3,0,High,52,5,2,3,3,2,0,0,-15,3.7
619756,2/19/2014,37.8,1,High,230,11,11,4,3,2,0,0,-15,52.8
619772,3/8/2014,107.8,1,Low,1090,67,39,9,29,2,25,0,0,82.8
619897,2/20/2014,23.8,1,Medium,448,31,29,7,12,2,0,3,0,20.8
619915,3/6/2014,73.2,1,Low,19,5,2,2,2,2,25,0,0,48.2
619947,2/20/2014,104.1,0,Medium,1706,75,51,6,31,2,0,3,0,101.1
620170,2/23/2014,16.0,1,Medium,161,13,13,3,5,2,0,3,0,13.0
620177,2/23/2014,13.0,1,Medium,384,22,15,4,4,2,0,3,0,10.0
620199,2/24/2014,0.3,0,High,355,12, ,1,1,2,0,0,-15,5.5
620298,2/28/2014,133.3,1,Low,934,40,18,3,10,2,25,0,0,108.3
620514,2/28/2014,250.0,1,Medium,664,41,36,15,30,2,0,3,0,247.0
620635,6/8/2014,422.7,1,High,8245,205,145,8,43,2,0,0,-15,437.7
620702,3/2/2014,0.3,0,High,85,6,3,2,3,2,0,0,-15,4.0
620729,3/2/2014,140.9,1,Low,766,78,63,5,10,2,25,0,0,115.9
620769,3/2/2014,0.3,0,High,18,2, ,1,1,2,0,0,-15,0.4
620770,3/2/2014,0.3,0,High,6,2,1,2,2,2,0,0,-15,9.9
620989,3/6/2014,0.3,0,High,228,7, ,1,2,2,0,0,-15,1.9
621079,3/12/2014,98.2,0,High,56,5,1,2,3,2,0,0,-15,113.2
621128,3/7/2014,7.9,0,Medium,32,8, ,2,3,2,0,3,0,4.9
621141,3/8/2014,0.3,0,High,557,10,1,1,9,2,0,0,-15,5.2
621165,3/8/2014,77.8,1,Low,1865,75,55,5,19,2,25,0,0,52.8
621264,3/8/2014,0.3,0,High,160,13, ,1,2,2,0,0,-15,3.9
621276,3/9/2014,24.0,0,Medium,237,17, ,2,13,3,0,3,0,21.0
621366,3/9/2014,17.0,0,High,288,17,1,5,6,2,0,0,-15,32.0
621451,3/13/2014,55.0,0,High,93,6,1,1,1,4,0,0,-15,70.0
621454,5/2/2014,8.1,0,High,26,7, ,1,2,2,0,0,-15,23.1
621666,3/14/2014,40.2,1,Medium,1703,169,152,8,84,2,0,3,0,37.2
621866,3/16/2014,226.0,1,Low,196,23,1,1,3,2,25,0,0,201.0
622056,3/19/2014,47.9,1,Medium,613,25,24,7,10,2,0,3,0,44.9
622302,3/20/2014,61.8,0,High,6437,507,507,9,39,2,0,0,-15,76.8
622304,3/28/2014,0.3,0,High,58,2, ,1,1,2,0,0,-15,6.3
622621,4/2/2014,0.8,0,VeryHigh,67,3,3,1,1,2,0,0,0,0.8
622642,4/2/2014,0.3,0,High,499,46,12,3,10,4,0,0,-15,2.9
622697,4/3/2014,0.3,0,High,38,2,2,1,1,2,0,0,-15,1.2
622979,4/6/2014,63.9,1,Low,157,37,37,6,17,2,25,0,0,38.9
623073,4/6/2014,122.0,1,Medium,82,6,6,1,3,4,0,3,0,119.0
623073,4/6/2014,122.0,1,Medium,82,6,6,1,3,4,0,3,0,119.0
623129,4/10/2014,74.9,1,High,747,58,25,3,8,3,0,0,-15,89.9
623324,4/10/2014,41.0,1,Medium,607,46,43,9,20,2,0,3,0,38.0
623410,5/25/2014,20.8,1,Medium,1878,52,22,1,7,2,0,3,0,17.8
623457,4/11/2014,38.8,1,Medium,1467,99,99,7,21,3,0,3,0,35.8
623723,6/4/2014,51.7,1,High,756,72,71,5,13,2,0,0,-15,66.7
623745,4/13/2014,35.9,1,Medium,781,36,36,11,26,2,0,3,0,32.9
623922,4/20/2014,84.5,1,Medium,11,3,3,1,2,2,0,3,0,81.5
623924,4/16/2014,0.3,0,High,172,8,8,1,2,2,0,0,-15,0.9
623929,4/17/2014,0.3,0,High,43,7,2,2,2,2,0,0,-15,8.8
623941,4/24/2014,15.0,1,High,202,25,19,4,8,5,0,0,-15,30.0
624064,5/9/2014,0.3,0,High,757,64,64,5,18,2,0,0,-15,14.1
624237,4/19/2014,0.3,0,High,53,7,1,1,3,2,0,0,-15,7.1
624834,5/2/2014,15.0,1,High,2316,96,16,2,12,2,0,0,-15,30.0
624973,4/26/2014,298.4,1,Low,193,19,16,2,10,2,25,0,0,273.4
625025,4/27/2014,9.8,0,High,66,5, ,1,1,2,0,0,-15,24.8
625050,5/16/2014,45.1,1,Medium,1161,124,124,8,26,2,0,3,0,42.1
625174,4/30/2014,20.1,1,Medium,1501,75,74,11,38,2,0,3,0,17.1
625179,4/30/2014,19.9,1,Medium,1579,57,51,7,25,2,0,3,0,16.9
625194,4/30/2014,145.8,1,Medium,1096,89,51,7,22,3,0,3,0,142.8
625204,5/1/2014,27.2,1,Medium,9641,96,42,4,25,2,0,3,0,24.2
625224,5/1/2014,1.4,1,High,382,49,49,10,19,2,0,0,-15,16.4
625324,5/7/2014,55.2,1,Low,4203,92,65,3,20,2,25,0,0,30.2
625549,5/3/2014,35.9,1,Medium,2028,60,55,11,28,2,0,3,0,32.9
625555,5/8/2014,62.0,1,Low,1813,82,71,5,36,3,25,0,0,37.0
625781,5/7/2014,0.3,1,High,45,2,2,1,1,2,0,0,-15,1.1
625799,5/7/2014,0.3,0,High,101,17,12,3,3,2,0,0,-15,7.3
625869,5/16/2014,48.0,1,High,1077,67,50,6,19,2,0,0,-15,63.0
625917,5/10/2014,23.9,0,High,175,13,13,3,3,2,0,0,-15,38.9
625919,5/9/2014,31.2,1,Medium,807,58,36,9,22,2,0,3,0,28.2
626243,6/13/2014,25.4,0,Low,30,5,1,2,3,2,25,0,0,0.4
626435,5/14/2014,6.0,0,Medium,51,7, ,3,4,2,0,3,0,3.0
626459,5/30/2014,58.8,1,Low,2274,102,102,3,20,2,25,0,0,33.8
626501,5/16/2014,68.2,1,Medium,900,56,36,3,6,3,0,3,0,65.2
626579,5/18/2014,124.2,1,Low,35103,368,166,1,37,4,25,0,0,99.2
626799,6/19/2014,40.1,1,Low,1134,38,4,5,13,2,25,0,0,15.1
626949,5/19/2014,10.5,0,High,6152,220,168,9,39,2,0,0,-15,25.5
626969,5/23/2014,5.2,1,Medium,2207,55, ,6,24,3,0,3,0,2.2
626988,5/22/2014,283.4,1,Medium,431,21,21,4,8,3,0,3,0,280.4
627046,12/6/2014,19.2,1,High,27,4, ,1,2,2,0,0,-15,34.2
627050,5/22/2014,8.9,1,Medium,33,6,5,1,1,2,0,3,0,5.9
627124,5/22/2014,10.0,1,Medium,57,3,1,1,1,2,0,3,0,7.0
627144,5/22/2014,33.0,1,Low,57,7,3,1,1,2,25,0,0,8.0
627434,5/24/2014,70.9,1,Medium,976,64,64,4,28,2,0,3,0,67.9
627530,5/25/2014,15.9,0,Medium,303,13,3,2,2,2,0,3,0,12.9
627626,5/28/2014,5.2,0,Medium,7,3,1,2,3,2,0,3,0,2.2
627630,5/28/2014,60.9,1,Medium,162,13,8,1,1,2,0,3,0,57.9
627698,7/2/2014,255.1,1,Medium,176,20,19,3,4,2,0,3,0,252.1
627834,5/30/2014,12.0,0,Medium,19,5,5,1,1,2,0,3,0,9.0
627944,6/1/2014,59.2,1,Low,364,42,31,3,25,3,25,0,0,34.2
628091,6/1/2014,99.0,1,Low,976,33,7,5,18,2,25,0,0,74.0
628218,6/12/2014,13.7,1,High,3803,159,122,9,31,3,0,0,-15,28.7
628288,6/5/2014,25.1,1,Medium,383,19,18,4,4,2,0,3,0,22.1
628458,6/5/2014,0.3,1,High,461,33,7,7,18,2,0,0,-15,4.0
628580,9/20/2014,101.0,0,High,161,26,22,2,2,3,0,0,-15,116.0
628634,7/20/2014,24.0,0,High,65,5,3,1,2,2,0,0,-15,39.0
628724,6/7/2014,56.9,1,Medium,1118,100,38,5,17,2,0,3,0,53.9
628818,6/20/2014,18.4,1,High,1387,83,60,2,13,2,0,0,-15,33.4
629018,6/12/2014,112.0,0,High,210,25,7,5,8,2,0,0,-15,127.0
629107,6/12/2014,38.9,0,Medium,398,25,15,6,9,3,0,3,0,35.9
629221,6/13/2014,88.0,1,Low,3689,151,105,4,36,3,25,0,0,63.0
629261,6/13/2014,19.0,1,Medium,531,41, ,7,17,2,0,3,0,16.0
629262,6/13/2014,21.7,1,Medium,230,20, ,4,7,2,0,3,0,18.7
629264,6/13/2014,21.7,1,Medium,226,18, ,4,7,2,0,3,0,18.7
629265,6/13/2014,22.0,1,Medium,216,24, ,6,11,2,0,3,0,19.0
629267,6/13/2014,18.8,1,Medium,284,26, ,7,13,2,0,3,0,15.8
629268,6/13/2014,18.8,1,Medium,213,22, ,6,16,2,0,3,0,15.8
629410,6/15/2014,3.3,0,Medium,32,6,6,3,4,2,0,3,0,0.3
629444,6/17/2014,6.4,1,Medium,304,49,22,9,26,2,0,3,0,3.4
629729,6/18/2014,40.9,1,Medium,1121,48,37,4,17,2,0,3,0,37.9
629933,6/20/2014,123.0,1,Medium,449,29,12,2,3,2,0,3,0,120.0
629969,6/26/2014,13.2,0,Medium,271,21,5,8,13,2,0,3,0,10.2
630003,7/20/2014,87.1,1,Low,1896,92,64,7,17,3,25,0,0,62.1
630073,6/21/2014,10.1,1,Medium,100,8,2,6,7,2,0,3,0,7.1
630093,6/21/2014,49.8,1,Medium,4285,173,108,4,50,2,0,3,0,46.8
630188,6/22/2014,64.0,1,Low,1126,70,27,3,16,2,25,0,0,39.0
630390,6/25/2014,18.0,0,Medium,241,28,5,2,13,2,0,3,0,15.0
630439,6/26/2014,17.5,0,Medium,25,5,5,2,4,2,0,3,0,14.5
630556,6/27/2014,4.0,1,Medium,26,6,4,5,5,2,0,3,0,1.0
630750,6/29/2014,0.3,0,High,222,14,6,1,3,2,0,0,-15,4.9
630816,6/29/2014,168.5,1,Low,716,54,49,6,23,3,25,0,0,143.5
630955,7/13/2014,9.9,0,VeryHigh,326,25,3,5,6,3,0,0,0,9.9
631383,7/6/2014,122.3, ,Low,394,65,19,5,25,3,25,0,0,97.3
631488,7/11/2014,0.3,0,High,33,5,3,1,3,2,0,0,-15,2.8
631497,7/7/2014,50.1,1,Medium,999,55,41,2,7,3,0,3,0,47.1
631627,7/10/2014,12.2,1,Medium,492,45,8,3,13,2,0,3,0,9.2
631870,7/12/2014,0.3,0,High,60,5,5,1,1,2,0,0,-15,13.2
632133,7/16/2014,0.3,0,High,883,40, ,8,21,2,0,0,-15,2.3
632137,7/16/2014,55.2,0,Low,177,4, ,1,1,2,25,0,0,30.2
632235,7/17/2014,3.3,1,Medium,144,14,6,4,7,2,0,3,0,0.3
632320,8/15/2014,180.9,1,Low,197,15,9,2,5,2,25,0,0,155.9
632350,8/27/2014,148.0,1,Low,1959,69,40,5,18,2,25,0,0,123.0
632459,9/2/2014,50.0,1,Low,427,19,9,1,7,2,25,0,0,25.0
632493,7/19/2014,0.3,0,High,104,5,1,1,3,2,0,0,-15,11.9
632762,7/23/2014,0.3,0,High,73,15, ,2,2,2,0,0,-15,2.0
632814,7/24/2014,0.3,0,High,78,9,2,3,6,2,0,0,-15,10.0
632816,7/23/2014,15.8,0,High,390,44,30,7,16,3,0,0,-15,30.8
632859,7/24/2014,0.3,0,High,68,10, ,4,6,2,0,0,-15,7.3
632860,7/24/2014,5.2,0,Medium,538,20, ,1,2,2,0,3,0,2.2
632868,7/24/2014,39.2,1,Low,99,9,8,6,7,2,25,0,0,14.2
632886,7/25/2014,18.9,1,Medium,1962,85,66,8,24,2,0,3,0,15.9
633105,7/26/2014,0.3,0,High,66,13,3,1,3,2,0,0,-15,3.8
633113,7/26/2014,40.1,1,Low,2044,120,120,6,25,2,25,0,0,15.1
633210,7/26/2014,0.3,0,High,19,3,3,1,2,2,0,0,-15,0.1
633510,7/31/2014,10.1,1,Medium,748,48,5,4,27,3,0,3,0,7.1
633621,8/1/2014,145.5,1,Medium,688,37,3,6,22,2,0,3,0,142.5
633651,8/1/2014,0.3,0,High,183,13,13,2,5,2,0,0,-15,0.2
633752,8/2/2014,6.1,0,High,21,3,1,1,1,2,0,0,-15,21.1
633837,8/13/2014,1.1,0,VeryHigh,32,3, ,1,2,2,0,0,0,1.1
634370,8/21/2014,2.1,0,High,17,2,1,1,1,3,0,0,-15,17.1
634640,8/14/2014,38.0,0,Low,91,15, ,1,6,2,25,0,0,13.0
634660,9/6/2014,6.8,0,Medium,62,4,4,2,4,2,0,3,0,3.8
634739,8/14/2014,0.3,0,High,864,66,46,7,24,2,0,0,-15,7.1
634930,8/21/2014,49.1,1,Low,411,14,3,2,5,2,25,0,0,24.1
635023,8/17/2014,8.9,0,Medium,105,8, ,2,6,2,0,3,0,5.9
635051,8/16/2014,0.3,1,High,214,10,10,1,3,2,0,0,-15,0.3
635120,8/16/2014,0.3,0,High,420,8,8,4,5,2,0,0,-15,8.0
635128,8/16/2014,0.3,0,High,132,2, ,1,2,2,0,0,-15,6.9
635137,8/17/2014,0.3,0,High,128,13,13,2,10,2,0,0,-15,0.2
635525,11/7/2014,0.3,1,High,35,3, ,1,2,2,0,0,-15,0.2
635594,8/23/2014,0.3,0,High,43,9, ,1,3,2,0,0,-15,6.2
635642,8/24/2014,22.0,0,Medium,194,16,6,4,8,2,0,3,0,19.0
635671,8/28/2014,1.0,0,VeryHigh,35,3,1,1,1,2,0,0,0,1.0
635889,9/3/2014,0.3,0,High,294,16,12,5,15,2,0,0,-15,2.8
635927,8/28/2014,240.1,0,Medium,22,4,4,1,1,2,0,3,0,237.1
636063,8/29/2014,9.4,1,Medium,197,12,10,3,6,2,0,3,0,6.4
636150,8/30/2014,11.7,0,High,1050,69, ,6,15,2,0,0,-15,26.7
636299,8/31/2014,9.9,0,Medium,78,3, ,1,2,2,0,3,0,6.9
636424,9/6/2014,41.7,1,Medium,582,47,27,5,7,2,0,3,0,38.7
636519,9/3/2014,0.3,0,High,83,5,5,3,5,2,0,0,-15,1.0
636550,9/11/2014,3.0,0,VeryHigh,108,12, ,1,2,2,0,0,0,3.0
636718,9/5/2014,64.0,0,High,33,3,2,3,3,2,0,0,-15,79.0
636852,9/6/2014,33.0,1,Low,134,8,3,2,4,2,25,0,0,8.0
636950,9/10/2014,51.9,0,High,87,11, ,2,3,3,0,0,-15,66.9
637116,11/21/2014,0.3,0,High,40,6, ,3,4,2,0,0,-15,9.1
637287,9/14/2014,81.7,0,High,77,10,8,2,5,2,0,0,-15,96.7
637296,3/4/2015,65.1,1,High,281,23,22,1,2,3,0,0,-15,80.1
637559,2/12/2015,63.0,1,High,2365,103,74,5,16,3,0,0,-15,78.0
637594,9/13/2014,0.3,0,High,56,4, ,2,2,2,0,0,-15,1.9
637610,9/20/2014,66.2,1,Low,608,79, ,2,7,3,25,0,0,41.2
637738,9/17/2014,46.8,1,Medium,282,19,9,2,4,2,0,3,0,43.8
637750,9/17/2014,88.4,1,Low,523,20,20,6,13,2,25,0,0,63.4
637889,8/14/2014,59.9,0,Low,14,5,5,4,4,2,25,0,0,34.9
638243,9/20/2014,13.0,0,VeryHigh,707,17,16,5,10,2,0,0,0,13.0
638420,9/24/2014,25.8,0,Low,74,7,2,4,7,2,25,0,0,0.8
638541,10/4/2014,0.3,0,High,44,3,1,1,1,2,0,0,-15,6.7
638552,9/25/2014,8.8,0,Medium,30,2, ,1,1,2,0,3,0,5.8
638572,10/2/2014,7.1,1,Medium,58,5,4,3,4,2,0,3,0,4.1
638902,9/27/2014,16.9,0,High,1007,48,22,5,10,2,0,0,-15,31.9
638932,10/17/2014,95.8,1,Medium,333,28,19,5,6,2,0,3,0,92.8
638952,9/28/2014,19.8,0,Medium,526,26,22,5,18,2,0,3,0,16.8
638960,10/1/2014,21.2,1,Medium,286,26,3,5,5,2,0,3,0,18.2
639254,10/4/2014,68.1,1,Low,1441,49,45,3,15,3,25,0,0,43.1
639350,10/4/2014,45.2,1,Medium,103,29,16,6,13,2,0,3,0,42.2
639351,10/4/2014,56.8,1,Medium,2390,70,43,5,16,2,0,3,0,53.8
639354,10/4/2014,45.9,1,Medium,1736,60,38,5,14,2,0,3,0,42.9
639575,10/8/2014,8.9,0,High,15,2,2,1,1,2,0,0,-15,23.9
639597,10/8/2014,57.0,1,Low,333,41,16,5,11,2,25,0,0,32.0
639654,10/8/2014,8.9,0,High,35,2,1,1,1,2,0,0,-15,23.9
639860,10/12/2014,22.0,1,Medium,1036,30,15,6,19,2,0,3,0,19.0
639867,10/11/2014,23.0,1,Medium,846,70,60,4,19,2,0,3,0,20.0
639980,10/11/2014,137.9,1,Low,2674,116,92,2,15,3,25,0,0,112.9
640022,10/11/2014,0.3,0,High,95,12,2,2,4,2,0,0,-15,5.9
640253,10/15/2014,25.7,1,Medium,399,32,4,4,9,2,0,3,0,22.7
640276,10/29/2014,53.8,1,Medium,135,20,12,1,7,2,0,3,0,50.8
640300,1/16/2015,124.0,0,VeryHigh,18,4, ,1,1,2,0,0,0,124.0
640474,10/25/2014,18.1,1,Medium,182,8,6,2,2,2,0,3,0,15.1
640569,10/18/2014,35.9,1,Medium,820,44,31,5,7,2,0,3,0,32.9
640621,10/23/2014,80.0,1,Low,1153,55,3,8,17,3,25,0,0,55.0
640623,10/18/2014,69.0,1,High,789,34, ,1,4,2,0,0,-15,84.0
640683,10/30/2014,15.8,0,VeryHigh,23,2, ,1,1,2,0,0,0,15.8
640716,11/2/2014,285.1,0,High,15,3,1,1,1,2,0,0,-15,300.1
640898,10/23/2014,26.1,1,Medium,473,57,56,5,20,7,0,3,0,23.1
640899,10/24/2014,26.0,1,Medium,628,30,26,3,9,5,0,3,0,23.0
640900,10/31/2014,109.0,1,Medium,769,91,85,2,24,9,0,3,0,106.0
640901,10/31/2014,77.9,1,Medium,914,91,66,5,15,8,0,3,0,74.9
641140,10/25/2014,0.3,0,High,44,2, ,1,1,2,0,0,-15,2.9
641297,10/31/2014,0.3,0,High,28,2, ,1,1,2,0,0,-15,0.8
641327,10/29/2014,27.1,0,High,26,2, ,1,1,2,0,0,-15,42.1
641414,11/14/2014,19.9,1,Medium,2,3, ,1,1,2,0,3,0,16.9
641450,12/17/2014,40.7,1,Low,48,11,7,5,6,2,25,0,0,15.7
641585,11/3/2014,267.0,1,Low,64,11,11,2,4,4,25,0,0,242.0
641610,10/30/2014,0.3,0,High,101,8,4,4,5,2,0,0,-15,9.0
641732,12/10/2014,22.2,0,High,58,11,2,3,4,2,0,0,-15,37.2
641743,11/1/2014,66.9,1,Low,446,56,56,5,23,8,25,0,0,41.9
641904,11/7/2014,47.6,1,Medium,34,4,2,1,2,3,0,3,0,44.6
641970,11/5/2014,17.0,1,Medium,2348,111,111,3,26,2,0,3,0,14.0
642158,11/16/2014,93.5,1,High,460,25,16,4,7,2,0,0,-15,108.5
642181,11/7/2014,15.3,1,Medium,227,28,11,5,14,2,0,3,0,12.3
642359,12/5/2014,96.6,1,Low,660,45,1,7,25,2,25,0,0,71.6
642380,11/9/2014,3.5,1,Medium,392,17,15,4,9,2,0,3,0,0.5
642389,11/8/2014,31.7,1,Medium,455,53,46,6,19,2,0,3,0,28.7
642404,11/9/2014,0.3,0,High,4,2,2,1,1,2,0,0,-15,12.9
642473,11/7/2014,32.3,1,Medium,337,29,11,4,10,3,0,3,0,29.3
642484,11/6/2014,41.7,1,Low,230,13,13,3,3,2,25,0,0,16.7
642601,11/13/2014,0.3,0,High,7,5, ,1,2,2,0,0,-15,1.9
642620,11/12/2014,26.9,1,Medium,1150,33, ,2,14,2,0,3,0,23.9
642626,11/12/2014,11.9,0,Medium,778,45,17,4,24,2,0,3,0,8.9
642740,11/13/2014,17.0,1,Medium,292,39,27,5,11,2,0,3,0,14.0
642748,11/19/2014,40.3,1,Low,2860,91,8,6,25,2,25,0,0,15.3
642765,11/13/2014,17.0,1,Medium,916,44,44,3,20,4,0,3,0,14.0
642778,11/14/2014,2.2,0,VeryHigh,162,9, ,2,3,2,0,0,0,2.2
642779,11/13/2014,138.8,0,High,171,27,1,3,7,2,0,0,-15,153.8
642874,11/14/2014,17.9,1,Medium,261,30,10,3,16,4,0,3,0,14.9
642982,11/15/2014,4.0,1,Medium,55,5, ,3,3,2,0,3,0,1.0
642983,11/15/2014,4.0,1,Medium,54,4, ,3,3,2,0,3,0,1.0
642984,11/15/2014,51.8,1,Low,123,12,6,1,6,2,25,0,0,26.8
643019,11/20/2014,40.9,1,Low,342,27, ,3,11,2,25,0,0,15.9
643075,11/15/2014,67.8,0,VeryHigh,160,6,1,1,1,2,0,0,0,67.8
643527,11/21/2014,56.7,1,Medium,7140,335,150,2,25,4,0,3,0,53.7
643563,11/22/2014,4.0,1,Medium,107,12,10,3,12,2,0,3,0,1.0
643640,11/30/2014,24.9,0,High,159,7,7,1,3,3,0,0,-15,39.9
643687,11/27/2014,40.1,1,Low,55,7, ,3,7,2,25,0,0,15.1
643707,11/23/2014,43.1,1,Low,164,19, ,5,12,2,25,0,0,18.1
643935,11/27/2014,27.0,1,Medium,235,41,36,3,16,2,0,3,0,24.0
643937,11/27/2014,65.1,1,Medium,7321,231,230,4,27,3,0,3,0,62.1
644063,11/29/2014,0.3,0,High,268,9,1,4,4,2,0,0,-15,1.2
644116,12/5/2014,83.0,0,High,6,3,2,1,1,3,0,0,-15,98.0
644137,11/29/2014,29.2,1,Medium,3807,99,62,1,21,2,0,3,0,26.2
644166,11/28/2014,72.6,1,Low,611,34, ,4,18,2,25,0,0,47.6
644308,12/7/2014,0.3,0,High,110,5,5,1,1,2,0,0,-15,3.9
644358,11/30/2014,0.3,0,High,39,7, ,1,1,2,0,0,-15,5.9
644417,11/30/2014,45.0,1,Medium,2853,128,18,3,8,5,0,3,0,42.0
644526,12/7/2014,409.9,0,High,33,3,1,1,1,3,0,0,-15,424.9
644529,12/4/2014,24.2,1,Medium,813,46,31,3,25,2,0,3,0,21.2
644619,12/4/2014,87.1,1,Medium,1384,106,78,7,19,2,0,3,0,84.1
644675,12/5/2014,11.1,1,Medium,608,40,2,8,14,4,0,3,0,8.1
644687,12/12/2014,67.5,0,Medium,36,6,1,3,5,2,0,3,0,64.5
644690,12/5/2014,9.9,1,Medium,753,47,3,5,21,2,0,3,0,6.9
644791,12/6/2014,0.3,0,High,9,2,1,2,2,2,0,0,-15,0.2
644797,12/8/2014,26.9,1,Low,532,26, ,1,23,2,25,0,0,1.9
644802,12/6/2014,22.0,1,Medium,200,22,6,3,22,2,0,3,0,19.0
644857,12/6/2014,9.6,1,Medium,90,10, ,5,7,2,0,3,0,6.6
644915,12/13/2014,0.3,0,High,8,2, ,1,1,2,0,0,-15,12.0
644927,12/7/2014,17.0,0,Medium,44,7, ,4,5,2,0,3,0,14.0
644992,12/27/2014,146.5,0,High,132,2, ,1,1,2,0,0,-15,161.5
645279,12/27/2014,16.2,0,Medium,133,21,6,6,10,2,0,3,0,13.2
645437,1/15/2015,44.9,0,Medium,331,45,13,4,15,2,0,3,0,41.9
645572,12/14/2014,20.9,0,Medium,16,3,2,1,1,2,0,3,0,17.9
645584,2/4/2015,9.2,0,High,58,9,1,1,1,2,0,0,-15,24.2
645639,12/16/2014,45.9,1,Medium,4710,159,152,3,22,3,0,3,0,42.9
645859,12/19/2014,10.1,0,Medium,269,13,1,2,5,2,0,3,0,7.1
646025,12/31/2014,0.3,0,High,263,9, ,1,1,2,0,0,-15,2.1
646285,12/24/2014,3.1,0,Medium,18,2, ,1,1,2,0,3,0,0.1
646313,12/24/2014,76.2,1,Medium,2358,233,65,6,48,2,0,3,0,73.2
646539,1/8/2015,27.3,0,Medium,57,13,13,1,7,2,0,3,0,24.3
646552,12/26/2014,24.9,0,Medium,43,7,4,1,1,2,0,3,0,21.9
646591,12/26/2014,8.9,0,Medium,178,3, ,1,1,2,0,3,0,5.9
646675,12/31/2014,47.9,1,Low,205,13,1,1,4,2,25,0,0,22.9
646824,12/31/2014,2.0,0,VeryHigh,283,16, ,2,2,2,0,0,0,2.0
646928,12/31/2014,54.1,1,Medium,248,19,15,6,12,2,0,3,0,51.1
647019,2/6/2015,53.8,0,High,50,6,1,1,2,3,0,0,-15,68.8
647091,1/1/2015,41.2,1,High,3280,94,88,7,18,2,0,0,-15,56.2
647178,1/2/2015,38.9,1,Low,407,54, ,1,25,3,25,0,0,13.9
647186,1/3/2015,0.3,0,High,28,4, ,2,3,2,0,0,-15,11.1
647191,1/3/2015,106.4,1,Medium,390,31,7,4,15,2,0,3,0,103.4
647204,1/3/2015,16.3,1,Medium,2413,70,3,4,26,3,0,3,0,13.3
647383,1/4/2015,84.9,1,Low,1694,45,29,4,12,2,25,0,0,59.9
647409,1/4/2015,36.2,1,Low,237,15, ,6,7,4,25,0,0,11.2
647417,1/4/2015,15.1,1,Medium,588,45, ,3,25,2,0,3,0,12.1
647428,1/8/2015,557.9,0,High,48,2,2,1,1,2,0,0,-15,572.9
647445,1/8/2015,67.2,1,Medium,374,39,39,9,31,2,0,3,0,64.2
647447,1/9/2015,26.1,1,Medium,600,26,26,6,26,2,0,3,0,23.1
647526,1/7/2015,42.2,1,Medium,340,47,28,6,19,5,0,3,0,39.2
647680,1/8/2015,0.3,0,High,15,2,1,1,1,2,0,0,-15,6.7
647777,1/9/2015,11.1,1,Medium,61,14,4,2,7,2,0,3,0,8.1
647853,1/11/2015,26.9,1,Medium,80,16,16,7,11,2,0,3,0,23.9
648289,1/15/2015,55.5,1,Low,102,4,1,2,2,2,25,0,0,30.5
648547,1/17/2015,43.8,1,Low,3689,59,59,2,5,2,25,0,0,18.8
648591,1/17/2015,30.0,0,Medium,87,4,1,1,1,2,0,3,0,27.0
648840,1/21/2015,12.8,1,Medium,98,14,2,2,7,2,0,3,0,9.8
648947,1/22/2015,59.9,1,Low,958,81,75,6,25,2,25,0,0,34.9
648951,1/22/2015,14.1,0,Medium,419,53,52,6,21,4,0,3,0,11.1
648976,1/22/2015,16.7,1,Medium,1866,67,17,4,28,3,0,3,0,13.7
649034,1/23/2015,33.8,1,Low,594,42,20,1,8,2,25,0,0,8.8
649082,1/24/2015,161.0,0,High,22,4,2,1,1,3,0,0,-15,176.0
649242,1/25/2015,30.8,1,Medium,642,41,36,4,7,2,0,3,0,27.8
649398,1/28/2015,6.3,1,Medium,843,35, ,2,25,2,0,3,0,3.3
649541,1/28/2015,65.0,0,High,232,18,18,6,16,2,0,0,-15,80.0
649568,1/28/2015,23.1,0,VeryHigh,138,6,5,1,3,2,0,0,0,23.1
649580,1/29/2015,16.2,1,Medium,267,21,12,2,4,2,0,3,0,13.2
649675,1/29/2015,5.1,1,Medium,350,18, ,3,14,3,0,3,0,2.1
649754,1/29/2015,0.3,0,High,35,6,6,3,3,2,0,0,-15,0.9
649852,1/31/2015,29.0,1,Medium,2573,94,16,5,24,3,0,3,0,26.0
650559,2/6/2015,439.9,0,High,255,15,15,3,6,2,0,0,-15,454.9
650651,2/7/2015,10.2,1,Medium,586,50,6,5,23,6,0,3,0,7.2
650804,2/8/2015,27.2,1,Medium,2601,72,63,3,6,2,0,3,0,24.2
650896,2/9/2015,12.0,0,Medium,965,68,20,6,25,4,0,3,0,9.0
650934,2/11/2015,6.8,1,Medium,312,27,20,3,13,5,0,3,0,3.8
651022,2/25/2015,195.1,0,High,47,4,2,1,1,2,0,0,-15,210.1
651337,2/13/2015,16.8,1,Medium,4845,94,14,4,21,3,0,3,0,13.8
651467,2/18/2015,40.0, ,Low,60,12,11,3,5,2,25,0,0,15.0
651636,2/18/2015,0.3,0,High,69,6,2,3,4,2,0,0,-15,2.0
651643,2/19/2015,30.9,1,Medium,366,47,47,4,12,2,0,3,0,27.9
651665,2/27/2015,78.9,1,Medium,8945,205,169,4,17,4,0,3,0,75.9
651679,2/18/2015,9.9,0,Medium,207,28,9,6,25,3,0,3,0,6.9
651742,2/20/2015,228.6,0,High,285,10,10,1,4,2,0,0,-15,243.6
651783,2/19/2015,33.1,1,Low,683,51,30,6,24,2,25,0,0,8.1
651990,4/3/2015,452.9,1,Low,230,29,7,16,24,2,25,0,0,427.9
652189,2/25/2015,32.1,1,Low,225,33,10,5,16,3,25,0,0,7.1
652213,2/25/2015,66.0,1,Low,873,40,8,2,13,2,25,0,0,41.0
652306,2/26/2015,25.8,1,Medium,450,34,1,3,13,3,0,3,0,22.8
652328,2/26/2015,47.0,0,Medium,43,8,7,3,3,2,0,3,0,44.0
652371,2/27/2015,5.7,1,Medium,1489,36,31,3,9,2,0,3,0,2.7
652428,3/7/2015,235.1,0,High,17,2,1,1,1,2,0,0,-15,250.1
652603,3/1/2015,7.9,0,Medium,67,6,3,1,3,2,0,3,0,4.9
652613,3/3/2015,0.7,0,High,176,13, ,2,3,2,0,0,-15,15.7
652868,3/4/2015,0.3,0,High,427,25, ,4,5,2,0,0,-15,7.9
652895,3/7/2015,9.3,1,Medium,19,2, ,1,1,3,0,3,0,6.3
653033,3/5/2015,17.2,1,Medium,361,8,2,1,3,2,0,3,0,14.2
653202,3/12/2015,3.8,1,Medium,45,6,6,5,5,2,0,3,0,0.8
653218,3/7/2015,29.8,1,Medium,4127,79, ,4,11,2,0,3,0,26.8
653256,3/7/2015,57.8,1,Low,807,47,33,7,12,3,25,0,0,32.8
653325,3/11/2015,0.3,0,High,17,5, ,2,3,2,0,0,-15,0.8
653393,3/14/2015,85.1,1,Low,2940,114,102,4,22,2,25,0,0,60.1
653456,3/11/2015,0.3,0,High,14,2, ,2,2,2,0,0,-15,2.7
653744,3/13/2015,4.3,0,Medium,52,5,3,1,1,2,0,3,0,1.3
653925,3/25/2015,10.2,0,High,1248,88,88,1,14,2,0,0,-15,25.2
653934,6/7/2015,100.9,0,Medium,78,8, ,2,4,2,0,3,0,97.9
654001,3/20/2015,23.4,0,High,416,18,7,4,8,2,0,0,-15,38.4
654305,3/25/2015,44.5,0,Medium,638,24,4,3,3,2,0,3,0,41.5
654557,4/1/2015,63.2,1,Low,926,57,28,3,18,2,25,0,0,38.2
654701,4/3/2015,184.0,1,Medium,7475,78,68,5,12,3,0,3,0,181.0
654756,4/4/2015,6.9,0,VeryHigh,212,8,2,3,3,2,0,0,0,6.9
654789,4/8/2015,0.3,0,High,18,6,2,1,2,2,0,0,-15,0.9
654831,4/4/2015,46.2,1,Low,55,3,3,1,1,2,25,0,0,21.2
654977,4/4/2015,39.8,1,Low,1046,56,18,1,2,2,25,0,0,14.8
655072,4/17/2015,152.2,1,Medium,7365,129,34,4,19,3,0,3,0,149.2
655206,4/9/2015,58.0,1,High,2694,85,60,3,15,2,0,0,-15,73.0
655392,4/12/2015,290.3,1,Medium,3768,138,91,4,21,3,0,3,0,287.3
655546,4/13/2015,89.9,0,Medium,41472,423,327,6,110,3,0,3,0,86.9
655570,4/23/2015,0.3,0,High,170,24,7,3,3,2,0,0,-15,10.1
655732,4/15/2015,258.9,0,Medium,504,26,18,2,6,3,0,3,0,255.9
656093,4/18/2015,172.0,1,Medium,14292,506,237,5,32,2,0,3,0,169.0
656229,4/19/2015,5.9,1,High,143,5,1,1,2,2,0,0,-15,20.9
656233,8/30/2015,4.1,0,VeryHigh,47,4, ,1,2,2,0,0,0,4.1
656241,4/19/2015,4.1,0,High,49,5, ,1,2,2,0,0,-15,19.1
656366,10/4/2015,31.1,1,Low,1220,67,67,5,13,2,25,0,0,6.1
656368,4/28/2015,3.8,0,VeryHigh,72,22, ,6,21,2,0,0,0,3.8
656427,4/26/2015,0.3,0,High,93,6,1,1,3,2,0,0,-15,10.1
656647,4/24/2015,7.9,1,Medium,659,21,1,2,3,2,0,3,0,4.9
656680,4/24/2015,5.1,0,Medium,27,4,4,3,3,2,0,3,0,2.1
656690,4/24/2015,17.1,0,Medium,39,3, ,1,1,2,0,3,0,14.1
656711,4/25/2015,14.9,0,Medium,58,3,2,1,1,2,0,3,0,11.9
656876,4/25/2015,101.8,0,High,212,12,7,4,6,2,0,0,-15,116.8
657053,4/28/2015,163.9,0,High,71,12,9,1,2,2,0,0,-15,178.9
657080,9/10/2015,24.2,0,Medium,302,16, ,1,9,3,0,3,0,21.2
657081,9/10/2015,24.0,0,Medium,192,18, ,1,10,3,0,3,0,21.0
657226,5/14/2015,0.3,0,High,14,2,1,1,1,3,0,0,-15,2.0
657277,5/3/2015,0.3,0,High,241,11, ,1,1,2,0,0,-15,7.0
657300,4/30/2015,37.7,1,Low,1488,46, ,2,12,2,25,0,0,12.7
657405,5/1/2015,80.8,0,Medium,13504,592,392,5,50,3,0,3,0,77.8
657536,5/6/2015,118.8,1,High,104,6,6,2,3,2,0,0,-15,133.8
657893,5/7/2015,0.3,0,High,1782,59, ,4,16,3,0,0,-15,8.0
658109,5/8/2015,1.7,0,High,21,3,3,2,1,2,0,0,-15,16.7
658190,5/9/2015,126.9,0,Medium,62,10,6,3,6,2,0,3,0,123.9
658206,6/3/2015,4.1,0,Medium,91,11,7,1,4,2,0,3,0,1.1
658392,5/13/2015,40.3,1,Low,975,60,15,3,15,2,25,0,0,15.3
658486,5/14/2015,57.9,0,Medium,684,63,12,3,19,2,0,3,0,54.9
658490,5/14/2015,0.3,0,VeryHigh,23,2,2,1,1,2,0,0,0,0.3
658502,5/14/2015,137.2,0,High,99,10,4,1,1,2,0,0,-15,152.2
658555,6/10/2015,40.1,1,Medium,3185,67,16,2,11,2,0,3,0,37.1
658673,5/15/2015,28.9,1,High,297,19,16,1,2,2,0,0,-15,43.9
658786,5/29/2015,0.3,0,High,49,6,4,1,2,2,0,0,-15,15.1
658817,5/16/2015,261.0,0,Medium,123,12,11,3,8,3,0,3,0,258.0
658839,5/20/2015,201.9,0,Medium,313,55,18,2,15,2,0,3,0,198.9
658924,5/17/2015,10.1,0,Medium,87,7,2,1,2,2,0,3,0,7.1
658982,5/17/2015,13.9,0,Medium,113,13,7,3,7,2,0,3,0,10.9
659092,5/20/2015,49.8,0,High,4819,149,114,1,12,2,0,0,-15,64.8
659162,5/21/2015,78.1,0,High,18878,1050,828,10,118,3,0,0,-15,93.1
659492,5/23/2015,67.6,1,High,3703,182,33,1,13,4,0,0,-15,82.6
659761,5/28/2015,0.3,0,High,15,2, ,1,1,2,0,0,-15,0.2
659778,5/28/2015,79.0,1,Medium,1444,66,10,1,14,4,0,3,0,76.0
659812,5/31/2015,230.9,1,Medium,1381,78,56,9,19,2,0,3,0,227.9
659815,5/28/2015,191.0,1,Medium,2492,64,29,5,23,4,0,3,0,188.0
659837,6/7/2015,504.9,1,Medium,2705,106,103,5,30,4,0,3,0,501.9
659841,6/6/2015,212.0,1,Medium,1307,67,66,4,18,3,0,3,0,209.0
660142,5/31/2015,39.2,0,Low,81,8,3,1,4,2,25,0,0,14.2
660217,5/31/2015,28.0,1,Low,14,2,1,2,2,2,25,0,0,3.0
660222,5/31/2015,9.0,0,Medium,170,12,4,2,5,3,0,3,0,6.0
660359,5/31/2015,97.8,1,Low,1362,60,21,2,15,5,25,0,0,72.8
660501,9/6/2015,88.1,0,High,67,5,3,2,2,2,0,0,-15,103.1
660570,6/4/2015,4.9,0,Medium,70,6, ,1,2,2,0,3,0,1.9
660770,6/12/2015,194.0,1,Medium,6113,102,65,3,19,6,0,3,0,191.0
660923,6/7/2015,99.8,1,Low,1109,52,40,9,22,2,25,0,0,74.8
661009,6/11/2015,5.1,0,High,1735,114,7,8,51,2,0,0,-15,20.1
661063,6/13/2015,94.0,1,Medium,71,8,5,3,5,2,0,3,0,91.0
661096,6/18/2015,213.0,1,Low,510,49,36,10,22,3,25,0,0,188.0
661131,6/10/2015,0.3,0,High,201,18,8,3,13,3,0,0,-15,7.1
661177,6/12/2015,95.2,1,Medium,147,9,7,3,3,3,0,3,0,92.2
661275,6/11/2015,1.8,0,High,991,12, ,1,1,2,0,0,-15,16.8
661493,6/13/2015,21.1,0,VeryHigh,32,3, ,1,2,2,0,0,0,21.1
661515,6/14/2015,25.0,0,High,33,3,2,1,1,2,0,0,-15,40.0
661554,7/18/2015,0.3,0,High,48,5,3,2,4,2,0,0,-15,12.9
661641,6/25/2015,83.0,1,Medium,551,21,5,3,6,2,0,3,0,80.0
661767,6/17/2015,11.1,1,Medium,2702,64,49,6,26,3,0,3,0,8.1
661874,6/18/2015,0.3,0,High,205,13,13,1,3,2,0,0,-15,10.1
661920,11/25/2015,146.9,1,High,3376,136,107,6,41,4,0,0,-15,161.9
661934,6/19/2015,26.9,0,High,20,3,2,1,2,2,0,0,-15,41.9
662265,6/20/2015,0.3,0,High,209,18,2,2,6,2,0,0,-15,13.9
662269,2/20/2015,129.7,0,Medium,1880,25,19,10,18,3,0,3,0,126.7
662351,6/21/2015,23.9,1,Medium,845,66,29,4,13,2,0,3,0,20.9
662438,6/21/2015,0.3,0,High,1634,66,38,3,15,2,0,0,-15,5.8
662517,6/24/2015,16.1,1,Medium,1056,48,5,5,19,3,0,3,0,13.1
662582,6/24/2015,0.3,0,High,1183,52, ,3,27,2,0,0,-15,14.2
662623,6/24/2015,7.7,0,High,2219,84,46,4,21,2,0,0,-15,22.7
662732,6/25/2015,15.7,0,VeryHigh,702,24,5,3,17,2,0,0,0,15.7
662792,7/9/2015,50.5,1,Low,277,40, ,9,25,2,25,0,0,25.5
662939,3/18/2015,212.0,0,High,322,25, ,9,9,3,0,0,-15,227.0
662954,6/26/2015,0.3,0,VeryHigh,9,2,1,1,1,2,0,0,0,0.2
663028,7/24/2015,10.8,0,High,119,8, ,3,5,2,0,0,-15,25.8
663174,6/28/2015,26.8,0,Medium,1691,70,1,2,10,2,0,3,0,23.8
663451,7/3/2015,100.1,0,Medium,8145,204,204,8,40,8,0,3,0,97.1
663461,7/3/2015,71.1,0,Medium,3632,373,321,7,313,2,0,3,0,68.1
663481,7/3/2015,10.3,0,Medium,91,8,2,1,3,2,0,3,0,7.3
663487,7/3/2015,30.6,0,Medium,496,18,1,2,3,2,0,3,0,27.6
663606,7/12/2015,13.9,1,Medium,251,21,16,6,9,2,0,3,0,10.9
663914,7/8/2015,46.8,1,Low,259,15, ,5,5,2,25,0,0,21.8
663935,7/8/2015,94.8,0,Medium,6073,174,106,7,34,6,0,3,0,91.8
664299,7/11/2015,470.8,1,Medium,1653,70, ,4,25,4,0,3,0,467.8
664462,7/17/2015,31.8,0,Medium,113,9,9,3,4,2,0,3,0,28.8
664498,7/25/2015,81.3,1,Medium,1627,59,47,1,5,2,0,3,0,78.3
664522,7/23/2015,30.5,1,Medium,2503,81,70,4,15,3,0,3,0,27.5
664733,7/16/2015,166.0,0,High,726,35,15,6,13,2,0,0,-15,181.0
664740,7/17/2015,182.8,1,Medium,680,34, ,4,18,2,0,3,0,179.8
664746,7/18/2015,8.7,0,Medium,29,3, ,1,1,2,0,3,0,5.7
664794,7/18/2015,0.3,0,High,174,19,15,4,9,3,0,0,-15,7.5
665301,7/22/2015,40.1,0,Medium,11354,113,23,4,37,4,0,3,0,37.1
665845,7/26/2015,37.2,1,Medium,295,30,1,1,12,3,0,3,0,34.2
665874,7/26/2015,0.3,0,High,476,35,3,4,7,2,0,0,-15,12.2
666130,7/31/2015,31.3,1,Medium,1924,59,21,7,16,4,0,3,0,28.3
666211,7/31/2015,33.9,1,Low,556,17, ,8,11,2,25,0,0,8.9
666306,7/31/2015,34.7,0,High,164,10,2,3,3,3,0,0,-15,49.7
666354,8/1/2015,37.1,1,Medium,720,47,22,5,9,2,0,3,0,34.1
666371,8/1/2015,249.1,1,Medium,348,25,4,6,9,3,0,3,0,246.1
666673,8/14/2015,20.0,0,High,62,8,5,1,2,2,0,0,-15,35.0
666818,8/6/2015,3.8,0,Medium,8,2,2,1,1,2,0,3,0,0.8
666836,8/6/2015,31.0,0,Medium,132,10,1,2,3,2,0,3,0,28.0
667093,8/8/2015,87.2,0,High,135,14,11,1,2,2,0,0,-15,102.2
667094,8/8/2015,14.9,0,Medium,116,7,1,1,2,2,0,3,0,11.9
667095,8/9/2015,28.0,1,Medium,75,8, ,2,2,2,0,3,0,25.0
667128,8/12/2015,123.1,1,Low,6288,341,291,7,46,3,25,0,0,98.1
667191,8/8/2015,124.8,1,High,264,32,23,6,13,2,0,0,-15,139.8
667551,8/14/2015,3.9,0,High,529,25,12,3,14,3,0,0,-15,18.9
667561,8/13/2015,62.8,0,High,20,3, ,1,1,2,0,0,-15,77.8
667581,8/19/2015,43.1,0,High,129,13, ,1,2,3,0,0,-15,58.1
667583,8/23/2015,41.0,0,High,494,62, ,1,6,3,0,0,-15,56.0
667716,8/30/2015,8.1,0,VeryHigh,84,7,1,1,2,2,0,0,0,8.1
668041,8/18/2015,41.5,1,Low,245,21,4,5,10,3,25,0,0,16.5
668083,8/16/2015,78.8,0,Medium,382,52,33,4,22,2,0,3,0,75.8
668160,8/20/2015,55.5,1,Low,247,19,6,1,13,2,25,0,0,30.5
668178,8/19/2015,1.0,0,VeryHigh,26,3, ,1,1,2,0,0,0,1.0
668194,8/19/2015,38.8,1,Medium,1260,42,18,4,7,2,0,3,0,35.8
668309,8/20/2015,21.0,0,Medium,532,53,1,5,32,2,0,3,0,18.0
668320,8/22/2015,58.0,0,Medium,864,75,50,4,24,3,0,3,0,55.0
668349,8/23/2015,20.2,0,Medium,613,22,3,3,7,2,0,3,0,17.2
668435,8/21/2015,80.7,1,Low,1317,39,19,3,14,2,25,0,0,55.7
668467,8/21/2015,18.1,1,Medium,1595,84,49,5,24,2,0,3,0,15.1
668550,8/21/2015,0.3,0,High,503,21, ,4,13,2,0,0,-15,12.9
668878,8/24/2015,251.1,0,High,34,4,1,1,1,3,0,0,-15,266.1
668926,8/27/2015,87.1,0,Medium,10845,517,413,7,116,4,0,3,0,84.1
668941,8/27/2015,24.1,1,Medium,172,16,8,1,2,2,0,3,0,21.1
668942,8/27/2015,10.6,0,Medium,28,3, ,1,1,2,0,3,0,7.6
668970,11/25/2015,52.0,0,Medium,354,29,4,1,5,2,0,3,0,49.0
669053,9/1/2015,22.2,0,VeryHigh,806,50,1,3,5,2,0,0,0,22.2
669145,8/28/2015,62.1,1,Medium,2697,133,10,8,34,2,0,3,0,59.1
669238,9/4/2015,39.1,0,Medium,198,24,12,3,11,3,0,3,0,36.1
669361,9/20/2015,34.0,1,Medium,736,72,14,9,20,3,0,3,0,31.0
669375,9/4/2015,12.0,0,VeryHigh,117,4, ,1,1,2,0,0,0,12.0
669519,9/2/2015,48.7,1,Low,629,44,13,6,18,2,25,0,0,23.7
669632,9/3/2015,11.9,0,High,153,8, ,1,6,2,0,0,-15,26.9
669739,9/16/2015,42.0,0,High,79,6,3,1,2,2,0,0,-15,57.0
669743,9/4/2015,88.1,1,Low,1453,113,74,6,22,3,25,0,0,63.1
670058,9/6/2015,124.0,0,High,224,11,4,1,4,2,0,0,-15,139.0
670096,9/6/2015,120.9,0,Medium,266,15, ,3,8,2,0,3,0,117.9
670178,9/9/2015,57.3,0,Medium,2698,92,76,6,26,4,0,3,0,54.3
670180,9/9/2015,48.0,0,Medium,1604,125,49,5,26,2,0,3,0,45.0
670197,9/11/2015,47.0,0,High,183,8,1,1,1,2,0,0,-15,62.0
670287,9/11/2015,69.3,0,High,180,27,9,3,8,2,0,0,-15,84.3
670336,9/10/2015,16.9,0,Medium,1410,39,6,2,10,2,0,3,0,13.9
670610,9/11/2015,4.0,0,Medium,28,5,1,3,5,2,0,3,0,1.0
670731,9/17/2015,69.9,0,High,298,39,11,4,7,3,0,0,-15,84.9
671037,9/16/2015,6.2,1,Medium,29,7, ,1,3,2,0,3,0,3.2
671076,9/18/2015,88.2,1,Medium,1196,65,52,6,25,2,0,3,0,85.2
671155,9/17/2015,0.3,0,High,90,12, ,3,6,2,0,0,-15,1.6
671175,9/17/2015,49.1,0,Medium,1362,19,19,5,7,3,0,3,0,46.1
671193,9/17/2015,50.7,0,Medium,2033,96,81,3,20,3,0,3,0,47.7
671507,9/18/2015,0.3,0,High,46,7,3,1,4,2,0,0,-15,5.8
671584,9/19/2015,8.0,0,Medium,54,7,4,2,2,2,0,3,0,5.0
671585,9/20/2015,34.3,1,Medium,277,22,12,5,8,2,0,3,0,31.3
671586,9/20/2015,121.9,1,Medium,435,56,33,3,8,3,0,3,0,118.9
671630,1/23/2016,102.2,1,High,10700,345,207,5,12,2,0,0,-15,117.2
671681,9/19/2015,216.9,0,High,52,12,11,1,4,3,0,0,-15,231.9
671722,9/20/2015,58.0,0,Medium,3056,101,74,2,21,6,0,3,0,55.0
672019,9/24/2015,11.2,1,Medium,59,9,1,2,3,2,0,3,0,8.2
672046,9/24/2015,223.0,1,Low,3033,165,150,7,35,3,25,0,0,198.0
672074,9/25/2015,22.1,1,Medium,19989,123,26,5,24,2,0,3,0,19.1
672172,10/30/2015,341.0,0,High,458,30, ,3,9,4,0,0,-15,356.0
672542,9/30/2015,9.2,0,High,83,3, ,1,1,2,0,0,-15,24.2
672870,10/4/2015,92.2,1,Medium,364,56,15,4,17,2,0,3,0,89.2
673145,10/11/2015,51.9,0,High,1792,111,48,9,46,3,0,0,-15,66.9
673146,10/28/2015,40.8,1,Low,34,6,5,2,2,2,25,0,0,15.8
673207,10/8/2015,31.4,1,Medium,1376,55,10,3,7,3,0,3,0,28.4
673654,10/10/2015,3.9,1,Medium,30,3,3,1,3,2,0,3,0,0.9
673740,10/14/2015,0.3,1,High,112,11, ,2,2,2,0,0,-15,2.2
673810,12/19/2015,109.9,0,High,203,9,3,2,3,2,0,0,-15,124.9
673860,10/14/2015,89.8,1,Medium,591,45,2,9,18,3,0,3,0,86.8
673867,10/15/2015,32.9,0,Medium,358,12,2,2,4,2,0,3,0,29.9
673942,10/14/2015,12.8,0,Medium,67,6,3,1,4,2,0,3,0,9.8
673973,10/15/2015,516.4,1,Low,208,156,4,1,1,5,25,0,0,491.4
673997,10/15/2015,0.3,0,High,205,5,5,1,4,2,0,0,-15,0.8
674111,10/16/2015,158.3,0,High,214,29,21,3,8,2,0,0,-15,173.3
674219,10/17/2015,222.0,1,Low,632,15, ,1,5,2,25,0,0,197.0
674257,10/17/2015,28.9,1,Medium,1502,60,3,2,3,2,0,3,0,25.9
674397,10/18/2015,14.9,1,Medium,2530,79,72,6,26,2,0,3,0,11.9
674409,10/18/2015,58.8,1,Low,105,12,9,3,7,2,25,0,0,33.8
674536,10/24/2015,16.0,0,Medium,66,4, ,1,2,2,0,3,0,13.0
674622,10/28/2015,2.2,1,High,537,40,29,7,18,2,0,0,-15,17.2
674639,10/24/2015,0.3,0,High,11,3,3,1,2,2,0,0,-15,7.1
674649,12/6/2015,22.8,0,Medium,5260,49, ,1,2,2,0,3,0,19.8
674714,10/22/2015,2.7,0,VeryHigh,46,3,2,1,1,2,0,0,0,2.7
674732,10/23/2015,60.0,0,Medium,1000,17,2,5,7,2,0,3,0,57.0
674822,10/23/2015,0.3,0,High,30,2, ,1,1,2,0,0,-15,14.0
674823,10/23/2015,8.9,1,Medium,1044,60,60,4,20,2,0,3,0,5.9
675125,12/17/2015,28.2,0,High,76,16,1,2,9,2,0,0,-15,43.2
675127,10/25/2015,12.8,0,Medium,35,2, ,1,1,2,0,3,0,9.8
675777,11/4/2015,0.3,0,High,26,6, ,1,1,2,0,0,-15,1.2
675783,10/31/2015,37.9,1,Medium,1061,93,91,3,11,2,0,3,0,34.9
675915,11/1/2015,21.1,0,Medium,10288,131,103,3,22,2,0,3,0,18.1
675923,11/1/2015,161.1,1,Medium,1157,44,40,4,13,2,0,3,0,158.1
676098,9/18/2015,67.0,0,Medium,268,43,38,8,27,2,0,3,0,64.0
676119,11/4/2015,0.3,0,High,659,31,20,5,8,2,0,0,-15,13.7
676152,11/4/2015,5.7,0,Medium,602,23,15,3,8,2,0,3,0,2.7
676156,11/7/2015,0.3,0,High,229,21,8,2,11,2,0,0,-15,11.9
676401,11/8/2015,29.1,1,Low,846,34,31,3,3,4,25,0,0,4.1
676444,11/7/2015,4.9,0,Medium,256,8,8,2,3,2,0,3,0,1.9
676446,11/8/2015,7.1,0,Medium,336,10,10,3,5,2,0,3,0,4.1
676505,11/6/2015,15.9,0,Medium,145,5,3,1,2,2,0,3,0,12.9
676523,1/8/2016,26.1,1,High,1932,135,104,4,22,2,0,0,-15,41.1
676525,11/8/2015,37.0,0,Medium,1269,29,21,3,10,4,0,3,0,34.0
676526,11/28/2015,14.2,0,Medium,3537,33,12,1,26,4,0,3,0,11.2
676528,11/28/2015,17.8,0,Medium,3190,23,23,1,14,4,0,3,0,14.8
676649,1/3/2016,91.9,0,Medium,261,8,3,3,3,2,0,3,0,88.9
676687,11/8/2015,8.2,0,Medium,807,22,2,2,14,3,0,3,0,5.2
676782,11/9/2015,14.3,0,Medium,288,22,21,4,14,2,0,3,0,11.3
676969,11/14/2015,8.8,0,Medium,703,32,4,5,25,3,0,3,0,5.8
677016,11/15/2015,101.2,1,High,2709,123,82,3,19,2,0,0,-15,116.2
677053,11/15/2015,432.7,1,High,340,15,10,2,4,2,0,0,-15,447.7
677237,11/14/2015,4.1,0,Medium,16,4,4,2,3,2,0,3,0,1.1
677255,11/20/2015,0.3,0,High,55,10,3,2,4,2,0,0,-15,5.1
677277,11/14/2015,9.7,0,Medium,88,8,5,2,4,3,0,3,0,6.7
677307,11/14/2015,25.1,0,High,557,36, ,1,13,3,0,0,-15,40.1
677309,11/14/2015,31.9,0,Medium,419,58, ,1,25,3,0,3,0,28.9
677310,11/14/2015,58.0,0,Medium,209,17, ,1,6,2,0,3,0,55.0
677311,11/14/2015,3.7,0,Medium,136,9,6,1,2,2,0,3,0,0.7
677323,1/31/2016,108.1,0,High,103,16,9,2,6,3,0,0,-15,123.1
677388,11/15/2015,9.1,0,Medium,166,7,5,2,4,3,0,3,0,6.1
677436,11/15/2015,24.7,1,High,109,5,2,2,4,2,0,0,-15,39.7
677466,11/28/2015,460.4,0,Medium,3542,425,237,130,237,2,0,3,0,457.4
677554,11/18/2015,183.2,1,Low,2509,102,18,8,26,2,25,0,0,158.2
677674,11/22/2015,64.3,1,Low,211,16,11,1,5,2,25,0,0,39.3
677710,11/19/2015,83.9,0,High,15,3,1,1,1,3,0,0,-15,98.9
677876,2/14/2016,0.3,0,High,11,2,1,1,1,3,0,0,-15,12.7
677944,12/23/2015,108.1,0,High,169,11,6,1,2,2,0,0,-15,123.1
677961,11/21/2015,28.9,1,Medium,2634,25,5,3,22,2,0,3,0,25.9
677962,11/22/2015,35.1,1,Medium,4402,127,6,7,49,4,0,3,0,32.1
679209,12/3/2015,56.0,1,Low,595,9,4,2,4,2,25,0,0,31.0
679247,11/28/2015,25.4,1,Low,70,11,6,2,4,2,25,0,0,0.4
679294,11/28/2015,73.0,1,Low,15704,165,148,4,20,4,25,0,0,48.0
679357,12/5/2015,44.0,1,Low,1095,20,20,2,7,2,25,0,0,19.0
679443,11/26/2015,23.3,1,Medium,1485,36, ,2,8,2,0,3,0,20.3
679467,11/25/2015,20.2,1,Medium,9443,122,117,4,22,5,0,3,0,17.2
679646,11/26/2015,24.0,1,Medium,774,47,47,6,13,3,0,3,0,21.0
679659,11/26/2015,30.0,1,Medium,865,110,99,8,25,2,0,3,0,27.0
679701,12/6/2015,35.3,1,Low,1012,39,39,2,8,2,25,0,0,10.3
679838,11/27/2015,3.2,0,Medium,141,7,1,4,5,2,0,3,0,0.2
679850,11/27/2015,14.9,0,Medium,170,10,6,3,7,2,0,3,0,11.9
679882,12/4/2015,32.9,0,High,124,15,8,3,5,2,0,0,-15,47.9
680095,12/13/2015,36.7,1,Low,18,4,4,1,2,2,25,0,0,11.7
680261,11/18/2015,54.0,0,Medium,45543,125,123,3,18,3,0,3,0,51.0
680282,12/3/2015,29.3,0,High,264,18,10,3,4,2,0,0,-15,44.3
680412,12/3/2015,2.3,0,High,661,45, ,3,13,2,0,0,-15,17.3
680589,1/8/2016,110.9,1,Low,15,4,2,2,2,3,25,0,0,85.9
680609,12/6/2015,45.2,1,Medium,7485,151,28,3,21,5,0,3,0,42.2
680674,12/10/2015,121.9,0,VeryHigh,334,8, ,3,5,3,0,0,0,121.9
680780,12/9/2015,14.0,1,Medium,1106,49,27,6,26,2,0,3,0,11.0
680782,12/9/2015,21.0,1,Medium,1332,49, ,9,26,2,0,3,0,18.0
680871,12/10/2015,59.9,1,Low,10884,247,216,1,7,3,25,0,0,34.9
681049,12/9/2015,115.0,0,VeryHigh,19,6, ,2,4,2,0,0,0,115.0
681075,12/16/2015,18.1,0,Medium,382,29,24,4,6,2,0,3,0,15.1
681286,12/13/2015,27.9,0,Medium,246,18,9,3,6,3,0,3,0,24.9
681339,1/16/2016,436.8,0,High,79,15, ,2,4,3,0,0,-15,451.8
681357,12/19/2015,263.2,1,Medium,2133,63,41,4,15,2,0,3,0,260.2
681497,12/13/2015,0.3,0,High,19,2,1,1,1,3,0,0,-15,4.0
681520,12/16/2015,27.2,0,Medium,2724,155,95,6,29,4,0,3,0,24.2
681553,12/17/2015,30.0,0,Medium,1550,111, ,2,16,4,0,3,0,27.0
681555,12/17/2015,37.1,0,Medium,1846,65, ,2,13,2,0,3,0,34.1
681559,12/18/2015,24.8,0,Medium,436,43,3,1,18,3,0,3,0,21.8
681589,12/18/2015,109.4,0,Medium,770,38,36,7,22,2,0,3,0,106.4
681635,12/16/2015,10.2,0,Medium,59,4, ,1,1,2,0,3,0,7.2
681686,12/19/2015,10.9,0,VeryHigh,46,3,3,1,1,2,0,0,0,10.9
681721,12/17/2015,18.2,0,Medium,1840,149, ,1,25,5,0,3,0,15.2
681722,12/17/2015,25.2,0,Medium,8400,170,17,3,24,3,0,3,0,22.2
681764,12/16/2015,54.8,1,Medium,4000,109,80,1,20,3,0,3,0,51.8
681818,12/17/2015,12.9,1,Medium,321,32,17,9,26,2,0,3,0,9.9
681850,12/18/2015,142.1,1,Medium,1384,89,89,5,24,3,0,3,0,139.1
681974,12/18/2015,0.3,0,High,2157,69, ,1,11,5,0,0,-15,14.0
682016,12/19/2015,27.9,0,Medium,16,2,1,2,2,2,0,3,0,24.9
682017,1/3/2016,16.2,0,Medium,59,6,6,2,2,2,0,3,0,13.2
682054,2/3/2016,155.1,0,High,4669,79,33,3,19,3,0,0,-15,170.1
682188,2/11/2016,350.1,0,High,31,7,3,3,3,2,0,0,-15,365.1
682221,12/27/2015,2.8,0,High,30,5,4,1,1,2,0,0,-15,17.8
682224,12/24/2015,0.3,0,High,58,5,2,1,1,2,0,0,-15,9.9
682225,12/20/2015,38.0,1,Medium,1711,56,5,9,25,2,0,3,0,35.0
682300,12/20/2015,9.8,0,Medium,88,9,1,2,6,2,0,3,0,6.8
682336,12/23/2015,53.5,1,Low,309,18,8,2,3,2,25,0,0,28.5
682492,12/23/2015,0.3,0,High,19,3,1,2,3,2,0,0,-15,10.7
682536,2/7/2016,475.0,0,High,412,21,11,5,7,2,0,0,-15,490.0
682688,12/25/2015,19.1,0,Medium,182,20, ,2,6,2,0,3,0,16.1
682769,12/25/2015,0.3,0,High,415,19,6,2,7,3,0,0,-15,15.1
682830,1/7/2016,32.6,0,Medium,10410,351,288,5,285,4,0,3,0,29.6
682859,12/27/2015,8.1,0,Medium,1381,41,14,4,16,2,0,3,0,5.1
682882,12/26/2015,0.3,0,High,18,2, ,1,1,2,0,0,-15,0.8
683061,3/10/2016,30.9,1,Medium,646,36,25,1,6,2,0,3,0,27.9
683153,12/31/2015,98.1,0,High,27,4,2,1,2,2,0,0,-15,113.1
683290,4/2/2016,66.0,1,Low,628,33,30,6,19,3,25,0,0,41.0
683438,12/31/2015,19.8,0,High,23,3,3,1,1,2,0,0,-15,34.8
683519,1/1/2016,0.3,0,High,68,4, ,1,1,2,0,0,-15,9.1
683572,1/13/2016,39.3,1,Low,31,4,2,2,2,2,25,0,0,14.3
683627,1/3/2016,302.9,0,High,133,12,5,3,6,3,0,0,-15,317.9
683758,1/3/2016,0.3,0,High,45,6, ,1,1,2,0,0,-15,12.0
683790,1/10/2016,176.1,1,Medium,10047,103,84,4,14,3,0,3,0,173.1
683903,11/11/2015,58.9,1,Medium,39,3, ,2,2,2,0,3,0,55.9
683932,1/6/2016,141.2,1,Low,10887,405,111,10,123,2,25,0,0,116.2
683940,3/2/2016,30.1,0,High,243,14,7,1,2,2,0,0,-15,45.1
684027,3/16/2016,90.0,1,Low,5021,204,150,6,43,2,25,0,0,65.0
684044,1/24/2016,16.2,1,High,195,26, ,3,13,2,0,0,-15,31.2
684375,1/9/2016,9.2,1,Medium,759,36,17,5,16,3,0,3,0,6.2
684547,1/10/2016,2.7,0,VeryHigh,54,7, ,1,1,2,0,0,0,2.7
684710,1/14/2016,25.0,0,Medium,572,45,15,4,25,5,0,3,0,22.0
684739,1/15/2016,37.0,0,Medium,794,33, ,1,15,2,0,3,0,34.0
684779,1/15/2016,5.1,0,Medium,10,4,4,3,3,3,0,3,0,2.1
684869,1/15/2016,53.2,1,Low,2790,69, ,1,27,2,25,0,0,28.2
684872,1/16/2016,15.1,0,Medium,83,7,4,3,4,2,0,3,0,12.1
684938,2/18/2016,33.3,1,Low,1526,61,30,3,14,2,25,0,0,8.3
685033,1/16/2016,127.0,0,VeryHigh,183,9,1,3,3,2,0,0,0,127.0
685154,1/17/2016,42.2,0,Medium,14,5,3,2,2,2,0,3,0,39.2
685212,1/21/2016,0.8,0,VeryHigh,68,6, ,1,1,2,0,0,0,0.8
685286,1/19/2016,0.3,0,High,7,2,1,1,1,2,0,0,-15,1.3
685319,1/20/2016,3.2,0,Medium,283,17, ,5,12,3,0,3,0,0.2
685324,2/12/2016,35.2,0,High,22,2, ,2,2,2,0,0,-15,50.2
685334,1/27/2016,77.0,0,Medium,3555,121,96,6,28,2,0,3,0,74.0
685335,3/18/2016,158.1,0,High,59,8,2,1,2,2,0,0,-15,173.1
685570,1/22/2016,81.2,1,Medium,2249,84,44,5,29,4,0,3,0,78.2
685632,1/21/2016,51.9,1,Low,3802,216, ,1,15,5,25,0,0,26.9
685668,1/23/2016,198.2,0,Medium,67951,228,81,3,23,2,0,3,0,195.2
685733,1/24/2016,4.5,1,High,3102,44,17,4,15,3,0,0,-15,19.5
685813,1/23/2016,9.3,1,Medium,332,17,12,3,6,2,0,3,0,6.3
685845,1/31/2016,73.0,0,Medium,502,27,2,3,6,2,0,3,0,70.0
685847,1/23/2016,42.2,1,Medium,3439,52,6,2,8,2,0,3,0,39.2
685944,1/24/2016,24.2,0,Medium,190,23,21,4,7,2,0,3,0,21.2
686060,1/24/2016,149.0,0,High,515,19,4,2,5,2,0,0,-15,164.0
686116,1/27/2016,31.8,1,Medium,1565,80,78,8,20,4,0,3,0,28.8
686139,1/29/2016,3.9,0,Medium,102,6,3,1,2,2,0,3,0,0.9
686278,1/30/2016,36.9,0,Low,292,15,2,2,9,4,25,0,0,11.9
686368,1/29/2016,8.0,0,High,1398,45,11,6,11,2,0,0,-15,23.0
686397,1/29/2016,10.9,1,Medium,1147,72,71,5,18,3,0,3,0,7.9
686515,2/1/2016,29.1,1,Medium,5404,91,23,2,14,2,0,3,0,26.1
686557,2/5/2016,53.2,1,Low,170,13,8,3,5,2,25,0,0,28.2
686768,2/3/2016,25.6,1,Medium,782,82,11,5,18,3,0,3,0,22.6
686852,2/3/2016,51.8,0,High,57,2, ,1,2,2,0,0,-15,66.8
686927,2/11/2016,10.9,1,Medium,110,8,3,1,1,2,0,3,0,7.9
686952,2/4/2016,4.1,0,Medium,57,5,5,1,4,2,0,3,0,1.1
686957,2/4/2016,338.0,0,Medium,27,5,1,3,4,2,0,3,0,335.0
686993,2/11/2016,18.8,0,Medium,436,7,7,2,6,2,0,3,0,15.8
687018,2/14/2016,12.9,0,Medium,1535,40,31,1,13,2,0,3,0,9.9
687031,2/5/2016,130.1,1,Low,1026,38, ,2,17,5,25,0,0,105.1
687101,2/17/2016,126.3,0,Low,105,22, ,1,3,2,25,0,0,101.3
687292,2/6/2016,92.0,1,Medium,5668,253,219,7,36,3,0,3,0,89.0
687317,2/6/2016,65.9,0,Medium,737,58,44,2,21,2,0,3,0,62.9
687353,2/6/2016,33.0,1,Low,137,12,6,2,9,2,25,0,0,8.0
687549,2/10/2016,34.9,1,Low,557,21,17,4,9,3,25,0,0,9.9
687563,2/10/2016,7.2,1,Medium,342,11,10,2,6,2,0,3,0,4.2
687593,2/12/2016,10.9,1,Medium,326,21,18,4,9,2,0,3,0,7.9
687726,2/11/2016,35.1,0,High,5933,102,39,3,32,2,0,0,-15,50.1
687733,2/11/2016,111.0,0,High,644,19,14,2,2,2,0,0,-15,126.0
687810,2/27/2016,3.1,0,Medium,54,2,2,1,2,2,0,3,0,0.1
687947,2/12/2016,0.3,1,High,294,12,5,2,7,2,0,0,-15,5.0
687955,2/12/2016,26.1,0,High,100,20,13,2,5,3,0,0,-15,41.1
687968,2/12/2016,11.7,0,Medium,444,28,7,4,5,2,0,3,0,8.7
688019,2/13/2016,11.1,0,Medium,85,10,3,5,6,2,0,3,0,8.1
688064,2/12/2016,3.7,0,Medium,62,7,7,1,4,2,0,3,0,0.7
688111,2/13/2016,8.9,1,Medium,66,11,11,4,7,2,0,3,0,5.9
688242,2/14/2016,56.1,1,Medium,178,31,16,6,12,2,0,3,0,53.1
688420,2/25/2016,6.0,0,Medium,351,18,6,3,8,2,0,3,0,3.0
688549,2/18/2016,11.2,1,Medium,651,58, ,7,18,3,0,3,0,8.2
688557,2/19/2016,38.1,0,Medium,1468,59,44,4,29,2,0,3,0,35.1
688616,2/18/2016,60.9,1,Low,710,61,26,1,13,3,25,0,0,35.9
688621,3/6/2016,73.1,0,High,49,4,1,3,3,2,0,0,-15,88.1
688692,2/19/2016,53.3,0,Medium,1274,88,5,7,34,2,0,3,0,50.3
688842,2/21/2016,76.9,1,Medium,6507,154,107,5,41,3,0,3,0,73.9
688909,2/24/2016,63.1,0,VeryHigh,271,23,3,4,9,3,0,0,0,63.1
689013,2/25/2016,51.9,1,Medium,152,13,3,4,7,3,0,3,0,48.9
689018,3/5/2016,49.0,0,Medium,498,38,29,5,9,2,0,3,0,46.0
689024,2/25/2016,6.2,1,Medium,210,15, ,7,14,2,0,3,0,3.2
689026,2/27/2016,26.3,0,High,1109,39,18,3,13,2,0,0,-15,41.3
689105,2/19/2016,76.0,1,Low,2999,83,75,4,14,3,25,0,0,51.0
689315,2/27/2016,59.0,0,Medium,842,22,17,4,6,3,0,3,0,56.0
689320,2/28/2016,49.9,0,Medium,603,49,18,6,23,2,0,3,0,46.9
689467,2/28/2016,36.8,1,Medium,480,16,7,1,3,2,0,3,0,33.8
689473,2/28/2016,14.8,0,Medium,10,3,1,2,2,2,0,3,0,11.8
689496,3/13/2016,0.3,0,VeryHigh,25,2, ,1,1,2,0,0,0,0.1
689581,3/2/2016,263.0,0,Medium,8,5,5,2,2,2,0,3,0,260.0
689598,3/2/2016,0.3,0,High,196,14, ,1,13,2,0,0,-15,0.3
689813,3/4/2016,40.9,0,High,77,4, ,2,2,2,0,0,-15,55.9
689824,3/3/2016,9.0,0,VeryHigh,30,5, ,1,2,2,0,0,0,9.0
689881,3/19/2016,444.2,0,Medium,1125,33,11,6,12,3,0,3,0,441.2
689885,3/5/2016,0.3,0,High,217,9, ,3,5,2,0,0,-15,13.1
690370,3/9/2016,0.9,0,VeryHigh,40,8,4,1,4,2,0,0,0,0.9
690466,3/10/2016,75.9,1,Medium,404,5,1,1,2,3,0,3,0,72.9
690468,4/6/2016,40.9,1,High,38,9,7,1,5,2,0,0,-15,55.9
690566,3/12/2016,59.2,0,Medium,174,11,2,2,7,2,0,3,0,56.2
690922,3/16/2016,48.9,0,Medium,2675,150,104,3,15,3,0,3,0,45.9
691013,3/18/2016,16.0,0,Medium,542,18,12,6,10,2,0,3,0,13.0
691040,6/4/2016,138.9,0,Medium,2086,83,62,7,34,4,0,3,0,135.9
691088,3/18/2016,8.6,0,Medium,9,3, ,1,2,2,0,3,0,5.6
691115,3/25/2016,29.1,1,Medium,487,43,33,7,19,2,0,3,0,26.1
691132,3/18/2016,96.2,0,Medium,17,4,1,1,2,2,0,3,0,93.2
691154,3/23/2016,12.0,0,Medium,320,7,6,1,7,2,0,3,0,9.0
691209,3/23/2016,201.0,1,Medium,796,45,41,2,10,2,0,3,0,198.0
691229,3/25/2016,426.1,0,High,45,14,6,4,6,3,0,0,-15,441.1
691230,3/20/2016,17.0,0,Medium,15,5,2,2,3,2,0,3,0,14.0
691436,3/26/2016,443.2,0,Medium,39,13,6,4,6,3,0,3,0,440.2
691437,3/26/2016,443.0,0,Medium,81,19,9,4,9,3,0,3,0,440.0
691438,3/26/2016,443.0,0,Medium,45,15,7,4,7,3,0,3,0,440.0
691439,3/27/2016,442.3,0,Medium,57,17,8,4,8,3,0,3,0,439.3
691440,3/27/2016,442.3,0,Medium,47,14,6,3,7,3,0,3,0,439.3
691441,3/27/2016,442.3,0,Medium,47,16,7,3,8,3,0,3,0,439.3
691442,3/27/2016,442.3,0,Medium,21,7,3,3,3,3,0,3,0,439.3
691443,3/27/2016,442.3,0,Medium,65,20,9,4,9,3,0,3,0,439.3
691444,3/30/2016,439.3,0,Medium,63,19,9,4,9,3,0,3,0,436.3
691492,5/14/2016,28.9,1,Low,139,6,2,2,2,2,25,0,0,3.9
691561,4/16/2016,78.8,1,Low,397,28,9,4,17,3,25,0,0,53.8
691679,4/1/2016,72.3,1,Medium,131,17, ,6,11,2,0,3,0,69.3
691709,4/2/2016,35.1,1,Medium,842,30,2,3,4,2,0,3,0,32.1
692027,4/2/2016,0.3,0,High,379,10,6,2,4,2,0,0,-15,10.9
692164,4/3/2016,30.3,1,Low,671,9,9,4,9,2,25,0,0,5.3
692342,4/6/2016,0.3,0,High,128,14,5,1,5,3,0,0,-15,14.9
692455,4/20/2016,161.1,0,High,783,34, ,4,11,2,0,0,-15,176.1
692475,4/7/2016,33.0,1,High,437,27,17,1,2,2,0,0,-15,48.0
692650,4/8/2016,205.8,1,Medium,85,2, ,2,2,2,0,3,0,202.8
692662,4/23/2016,25.2,1,Low,12,2,2,2,2,2,25,0,0,0.2
692828,4/9/2016,0.3,0,High,417,29, ,1,10,2,0,0,-15,4.7
692844,4/10/2016,0.3,0,High,816,18,6,1,7,3,0,0,-15,5.2
692954,8/4/2016,40.0,0,High,48,3, ,1,2,2,0,0,-15,55.0
693047,4/17/2016,0.3,0,High,1539,89,42,5,25,2,0,0,-15,7.0
693164,4/17/2016,3.1,0,VeryHigh,31,4, ,1,1,2,0,0,0,3.1
693197,4/16/2016,72.2,1,Medium,600,66,9,9,20,2,0,3,0,69.2
693201,4/16/2016,46.0,1,Medium,527,67,64,7,24,2,0,3,0,43.0
693263,3/1/2016,199.1,1,Low,10635,435,406,5,38,3,25,0,0,174.1
693338,4/15/2016,25.2,0,Low,51,4,2,1,3,2,25,0,0,0.2
693429,4/16/2016,0.3,0,High,29,6,1,1,3,2,0,0,-15,7.8
693456,5/6/2016,290.1,1,Low,298,20,19,3,6,3,25,0,0,265.1
693521,4/16/2016,0.3,0,High,919,55,29,4,21,2,0,0,-15,10.9
693655,4/17/2016,28.0,1,Medium,562,15,1,3,5,2,0,3,0,25.0
693847,4/20/2016,5.1,0,Medium,35,6,1,2,4,2,0,3,0,2.1
693858,4/20/2016,113.7,0,High,272,15,2,2,6,2,0,0,-15,128.7
693922,4/24/2016,4.2,0,High,10,3,1,1,1,2,0,0,-15,19.2
693947,4/21/2016,0.3,0,High,103,7,2,2,4,2,0,0,-15,10.3
694033,5/13/2016,0.3,0,High,3125,73,33,3,18,3,0,0,-15,12.1
694051,4/21/2016,220.7,1,Medium,3545,159,159,7,22,2,0,3,0,217.7
694122,4/22/2016,0.3,0,High,53,3, ,2,2,2,0,0,-15,0.3
694183,4/23/2016,32.8,1,VeryHigh,81,13,9,1,2,2,0,0,0,32.8
694240,4/22/2016,78.7,1,Low,4068,390,279,25,198,2,25,0,0,53.7
694327,4/23/2016,0.3,0,High,38,4, ,1,3,2,0,0,-15,6.1
694360,4/27/2016,77.0,1,Low,205,22,15,3,8,2,25,0,0,52.0
694447,4/24/2016,0.3,0,High,79,7, ,1,2,2,0,0,-15,4.3
694702,5/12/2016,75.7,1,High,402,15,14,4,5,3,0,0,-15,90.7
694736,4/28/2016,0.3,0,High,47,4,2,2,2,2,0,0,-15,7.0
694763,4/29/2016,16.0,1,Medium,763,78,71,9,23,3,0,3,0,13.0
694790,4/28/2016,86.7,1,Low,8642,416,342,10,46,2,25,0,0,61.7
694854,4/29/2016,0.3,0,High,1362,47,28,5,23,2,0,0,-15,8.9
694865,4/29/2016,31.3,1,Medium,323,24,4,8,15,2,0,3,0,28.3
694963,5/6/2016,69.2,1,Low,499,26,26,2,7,2,25,0,0,44.2
695040,5/14/2016,101.8,1,Medium,471,34,13,8,11,2,0,3,0,98.8
695242,5/4/2016,0.3,0,High,80,6, ,1,4,2,0,0,-15,0.3
695291,5/4/2016,45.3,1,Low,1472,90,89,6,36,4,25,0,0,20.3
695294,5/4/2016,48.1,1,Low,1914,132,115,5,33,6,25,0,0,23.1
695329,5/4/2016,42.8,1,Low,424,33,22,2,4,2,25,0,0,17.8
695331,5/5/2016,41.9,1,Low,228,16,13,1,3,2,25,0,0,16.9
695361,5/8/2016,76.8,1,Low,2236,139,85,3,29,6,25,0,0,51.8
695362,5/6/2016,43.5,1,Low,2484,130,64,4,23,4,25,0,0,18.5
695383,5/20/2016,51.2,1,Low,171,11,9,4,7,2,25,0,0,26.2
695392,5/5/2016,94.8,1,Medium,208,11,9,2,5,2,0,3,0,91.8
695473,5/6/2016,43.8,1,Medium,900,59,51,5,26,4,0,3,0,40.8
695478,5/18/2016,31.2,1,Medium,1626,134, ,13,111,3,0,3,0,28.2
695575,5/5/2016,0.3,0,High,55,5,1,1,4,3,0,0,-15,2.4
695636,5/6/2016,192.8,1,Low,255,12,12,1,6,2,25,0,0,167.8
695662,5/8/2016,26.8,1,Medium,1072,50,20,4,10,2,0,3,0,23.8
695721,5/14/2016,0.3,0,High,25,2,1,2,2,2,0,0,-15,13.2
695787,5/7/2016,52.7,1,Medium,662,25,5,1,3,3,0,3,0,49.7
695790,5/7/2016,31.8,1,Medium,371,53, ,7,27,3,0,3,0,28.8
695802,5/8/2016,4.7,0,High,788,30,4,1,12,2,0,0,-15,19.7
695865,5/7/2016,73.9,1,Low,2323,96,54,4,7,3,25,0,0,48.9
695950,5/8/2016,20.8,0,Medium,1119,39,9,4,16,2,0,3,0,17.8
695978,5/18/2016,10.0,0,High,1522,60,51,5,10,2,0,0,-15,25.0
696093,5/11/2016,2.7,0,High,83,5,5,1,3,2,0,0,-15,17.7
696200,5/12/2016,6.3,0,Medium,73,3, ,1,1,2,0,3,0,3.3
696208,5/12/2016,38.0,1,Medium,659,36,13,7,21,3,0,3,0,35.0
696219,5/12/2016,19.2,0,Medium,381,36,34,5,15,2,0,3,0,16.2
696349,5/13/2016,23.9,0,Medium,1594,53,1,4,12,2,0,3,0,20.9
696359,5/13/2016,43.8,1,Medium,4528,153,153,3,27,3,0,3,0,40.8
696512,5/14/2016,306.1,0,High,98,15,7,5,7,2,0,0,-15,321.1
696518,5/14/2016,21.1,1,Medium,692,41,41,8,24,3,0,3,0,18.1
696553,5/29/2016,45.0,1,Low,380,25,15,2,3,2,25,0,0,20.0
696565,5/14/2016,38.3,1,Low,807,58,1,3,26,5,25,0,0,13.3
696566,5/14/2016,39.0,1,Low,376,45, ,4,26,5,25,0,0,14.0
696633,5/27/2016,74.1,1,Low,62,13,3,1,7,2,25,0,0,49.1
696656,5/18/2016,59.9,1,Low,731,97,48,3,29,2,25,0,0,34.9
696708,5/18/2016,37.3,0,High,138,16,12,5,12,2,0,0,-15,52.3
696778,6/2/2016,73.8,1,Medium,523,28,27,7,14,2,0,3,0,70.8
696843,5/18/2016,30.7,1,Medium,61,6,5,2,3,2,0,3,0,27.7
696847,5/18/2016,32.7,1,Medium,57,4,2,1,1,3,0,3,0,29.7
696937,5/19/2016,4.9,1,High,2110,110,97,4,28,5,0,0,-15,19.9
696988,5/19/2016,30.9,1,Low,373,20,7,4,9,2,25,0,0,5.9
697064,5/20/2016,38.2,1,Medium,342,27, ,7,10,2,0,3,0,35.2
697102,5/20/2016,0.3,0,High,506,23, ,4,15,2,0,0,-15,8.8
697132,5/20/2016,4.9,1,Medium,68,3,1,1,2,2,0,3,0,1.9
697199,5/21/2016,63.1,1,Low,3138,154,140,2,9,6,25,0,0,38.1
697201,5/21/2016,60.1,1,Low,484,19,12,1,4,4,25,0,0,35.1
697213,5/21/2016,17.1,1,Medium,496,49, ,9,21,2,0,3,0,14.1
697226,5/22/2016,18.8,1,High,11764,327,312,4,24,6,0,0,-15,33.8
697255,5/21/2016,31.8,1,Medium,155,7,6,1,6,2,0,3,0,28.8
697374,6/4/2016,0.3,0,High,63,4,2,2,3,2,0,0,-15,15.1
697421,5/24/2016,29.8,1,Low,848,31,4,3,12,3,25,0,0,4.8
697435,6/22/2016,60.8,1,Medium,3627,192,1,2,39,2,0,3,0,57.8
697454,5/22/2016,176.6,1,Low,123,3,1,1,1,2,25,0,0,151.6
697493,5/24/2016,0.3,0,High,45,13, ,2,6,2,0,0,-15,4.6
697543,5/25/2016,19.7,1,Medium,460,48,43,6,16,3,0,3,0,16.7
697546,5/25/2016,24.0,0,High,78,16,16,2,6,2,0,0,-15,39.0
697559,5/25/2016,11.6,0,Medium,767,14,7,3,5,2,0,3,0,8.6
697639,5/26/2016,15.2,0,High,823,34,21,3,5,2,0,0,-15,30.2
697651,5/26/2016,10.3,1,Medium,659,35,25,5,16,2,0,3,0,7.3
697652,9/30/2016,60.7,0,High,544,17,13,5,5,2,0,0,-15,75.7
697673,5/26/2016,117.1,1,Low,997,66,38,4,15,2,25,0,0,92.1
697693,5/26/2016,136.8,1,Medium,30,8, ,1,2,2,0,3,0,133.8
697766,5/26/2016,27.0,1,Low,114,14, ,5,11,3,25,0,0,2.0
697808,5/27/2016,16.9,1,Medium,51,5,3,2,3,2,0,3,0,13.9
697840,5/27/2016,71.0,0,Medium,527,35,5,5,8,2,0,3,0,68.0
698010,5/28/2016,28.7,1,Medium,2483,56,56,4,27,2,0,3,0,25.7
698045,5/30/2016,8.0,0,Medium,99,10,1,3,4,2,0,3,0,5.0
698064,5/30/2016,237.7,0,VeryHigh,64,4, ,1,2,2,0,0,0,237.7
698147,5/29/2016,37.2,1,Low,155,14,7,3,8,4,25,0,0,12.2
698153,5/29/2016,37.5,1,Low,57,7,3,3,6,3,25,0,0,12.5
698161,6/18/2016,3.9,0,VeryHigh,23,3,1,1,1,2,0,0,0,3.9
698248,6/1/2016,6.2,1,Medium,10,3,2,2,3,2,0,3,0,3.2
698591,6/3/2016,0.3,0,High,331,10,1,3,4,2,0,0,-15,1.8
698601,6/24/2016,188.4,1,High,2544,126,86,8,33,7,0,0,-15,203.4
698674,6/4/2016,3.8,1,High,1611,42,41,6,24,4,0,0,-15,18.8
698702,6/8/2016,19.2,1,Medium,77,15,15,1,4,2,0,3,0,16.2
698738,6/4/2016,57.0,1,Medium,632,17,1,2,11,2,0,3,0,54.0
698766,6/4/2016,129.7,1,Low,4851,242,101,7,34,2,25,0,0,104.7
698881,7/10/2016,41.0,1,Medium,143,11,7,2,7,2,0,3,0,38.0
698970,6/8/2016,41.0,1,Low,468,38, ,7,26,4,25,0,0,16.0
699013,6/8/2016,6.8,1,High,780,39,15,3,5,3,0,0,-15,21.8
699027,6/9/2016,52.9,0,Medium,86,5,1,2,2,2,0,3,0,49.9
699045,9/8/2016,0.3,0,High,76,13, ,1,6,2,0,0,-15,5.7
699133,6/12/2016,10.0,0,Medium,42,4,3,1,1,2,0,3,0,7.0
699141,6/9/2016,41.9,1,Low,571,35,3,8,26,4,25,0,0,16.9
699170,6/10/2016,0.6,0,High,775,54,43,3,6,2,0,0,-15,15.6
699251,6/10/2016,37.3,1,Medium,11,2,1,2,2,2,0,3,0,34.3
699284,6/10/2016,55.3,1,Low,1233,47,17,3,15,2,25,0,0,30.3
699343,7/14/2016,74.3,1,Low,7372,269,175,12,64,4,25,0,0,49.3
699383,6/10/2016,7.9,0,Medium,20,3,1,1,2,2,0,3,0,4.9
699392,6/21/2016,29.8,1,Low,61,6,6,4,5,2,25,0,0,4.8
699415,6/12/2016,54.2,1,Medium,2446,76,48,5,17,2,0,3,0,51.2
699430,6/26/2016,41.2,0,Medium,359,33, ,5,11,2,0,3,0,38.2
699463,6/12/2016,24.1,0,Medium,66,4,4,1,1,2,0,3,0,21.1
699546,6/12/2016,38.3,1,Low,1601,64,1,5,12,2,25,0,0,13.3
699554,6/12/2016,13.9,1,Medium,1311,40,39,8,15,3,0,3,0,10.9
699558,6/12/2016,44.7,1,Low,566,56,35,4,11,2,25,0,0,19.7
699743,6/15/2016,150.7,1,Medium,24,3,2,1,1,2,0,3,0,147.7
699774,6/15/2016,0.3,0,High,599,22, ,1,9,2,0,0,-15,7.9
700048,6/17/2016,38.1,1,Medium,471,36,3,5,10,2,0,3,0,35.1
700070,6/17/2016,0.3,1,High,371,36,4,4,15,4,0,0,-15,7.8
700223,6/18/2016,81.0,1,Medium,352,33,33,6,10,2,0,3,0,78.0
700243,6/18/2016,10.9,1,Medium,178,15,13,1,6,4,0,3,0,7.9
700357,6/19/2016,12.1,1,Medium,3922,100,26,4,22,7,0,3,0,9.1
700370,6/24/2016,0.3,0,High,243,17,9,2,14,2,0,0,-15,13.3
700499,6/22/2016,5.8,0,Medium,129,12,9,6,8,2,0,3,0,2.8
700608,6/23/2016,123.7,1,Medium,16,3, ,1,1,2,0,3,0,120.7
700733,6/24/2016,0.3,0,High,66,6, ,2,2,2,0,0,-15,9.1
700754,6/24/2016,15.8,1,Medium,5546,112,110,4,26,3,0,3,0,12.8
700778,6/25/2016,0.3,0,High,452,28,23,3,11,2,0,0,-15,14.3
700901,6/25/2016,11.1,0,Medium,5,2, ,1,1,3,0,3,0,8.1
700933,6/25/2016,3.7,0,Medium,117,4, ,2,2,2,0,3,0,0.7
700954,6/25/2016,8.8,1,Medium,1143,47,6,4,19,3,0,3,0,5.8
701157,6/27/2016,4.5,1,Medium,11,4,1,3,3,2,0,3,0,1.5
701163,7/2/2016,3.7,1,Medium,71,13, ,1,9,5,0,3,0,0.7
701249,5/15/2016,133.2,1,Medium,7560,297,194,8,36,4,0,3,0,130.2
701263,9/22/2016,48.2,1,Low,584,59,44,3,12,2,25,0,0,23.2
701353,6/30/2016,5.9,0,Medium,174,6,2,2,4,2,0,3,0,2.9
701474,7/1/2016,67.2,1,Medium,2194,116,92,8,29,2,0,3,0,64.2
701478,7/1/2016,5.2,1,Medium,211,14, ,1,7,2,0,3,0,2.2
701637,7/2/2016,39.1,1,Low,212,24,20,3,7,2,25,0,0,14.1
701720,7/2/2016,0.3,0,High,138,17,5,1,9,3,0,0,-15,14.0
701731,7/2/2016,12.2,0,Medium,103,23,1,6,9,2,0,3,0,9.2
701784,7/3/2016,84.3,1,Low,2781,123,72,7,35,2,25,0,0,59.3
701926,7/6/2016,3.1,1,Medium,24,3, ,2,2,2,0,3,0,0.1
701973,7/6/2016,99.2,1,High,320,53,36,3,9,2,0,0,-15,114.2
701974,7/16/2016,0.3,0,High,167,3, ,3,3,2,0,0,-15,4.8
701979,7/6/2016,35.0,1,Low,427,10,10,2,4,2,25,0,0,10.0
702042,7/7/2016,192.1,0,VeryHigh,93,7, ,1,1,2,0,0,0,192.1
702056,12/4/2016,70.8,1,Medium,206,13,10,3,3,2,0,3,0,67.8
702333,7/10/2016,9.0,0,Medium,126,2,2,1,1,2,0,3,0,6.0
702335,7/22/2016,297.1,1,Medium,512,50,21,6,24,2,0,3,0,294.1
702336,7/21/2016,298.1,1,Medium,290,21,5,4,13,3,0,3,0,295.1
702417,7/9/2016,189.0,1,Medium,266,28,23,1,9,2,0,3,0,186.0
702508,7/13/2016,190.1,1,Low,519,71,21,4,27,2,25,0,0,165.1
702711,7/14/2016,15.3,0,High,79,5,3,2,3,2,0,0,-15,30.3
702753,7/15/2016,325.0,0,Medium,22,2, ,1,1,2,0,3,0,322.0
703013,10/19/2016,91.1,1,High,635,61,40,6,17,2,0,0,-15,106.1
703382,7/22/2016,12.1,0,Medium,611,52,1,2,12,3,0,3,0,9.1
703398,7/22/2016,131.2,1,Medium,804,52,38,8,26,3,0,3,0,128.2
703408,7/22/2016,16.0,0,Medium,533,28,21,4,8,2,0,3,0,13.0
703615,7/23/2016,8.8,0,Medium,25,5,5,1,1,2,0,3,0,5.8
703711,7/24/2016,8.2,0,Medium,48,5, ,3,3,2,0,3,0,5.2
703720,7/24/2016,9.1,0,Medium,74,7, ,2,2,3,0,3,0,6.1
703742,7/24/2016,20.9,0,Medium,431,15,13,3,6,2,0,3,0,17.9
703975,7/28/2016,18.0,1,Medium,220,20,6,2,8,2,0,3,0,15.0
704004,8/31/2016,45.8,1,Low,12930,509,331,11,95,6,25,0,0,20.8
704111,8/19/2016,74.8,1,High,3105,210,190,9,43,2,0,0,-15,89.8
704278,9/15/2016,123.0,1,Low,320,61,59,1,14,2,25,0,0,98.0
704502,8/6/2016,276.2,1,Medium,695,55,11,11,17,3,0,3,0,273.2
704515,8/13/2016,30.2,1,Medium,261,15,11,2,2,2,0,3,0,27.2
704518,8/11/2016,26.2,1,Medium,326,25,16,4,7,2,0,3,0,23.2
704520,9/1/2016,11.1,1,Medium,357,30,23,3,5,3,0,3,0,8.1
704676,8/4/2016,0.3,0,High,170,18,16,1,6,4,0,0,-15,9.6
704703,8/4/2016,20.8,0,High,101,7, ,2,2,2,0,0,-15,35.8
704793,8/5/2016,58.1,1,Medium,1926,107,101,11,27,2,0,3,0,55.1
704902,8/5/2016,39.0,1,Low,1048,43,36,5,18,3,25,0,0,14.0
704937,8/6/2016,113.2,1,Low,1502,84,50,3,13,2,25,0,0,88.2
704944,8/5/2016,16.8,0,Medium,384,44,19,1,11,3,0,3,0,13.8
705000,8/6/2016,12.8,0,Medium,15,3, ,1,1,2,0,3,0,9.8
705135,8/7/2016,37.8,0,Medium,19,2,1,1,1,2,0,3,0,34.8
705216,8/12/2016,22.2,1,Medium,1368,44, ,3,13,2,0,3,0,19.2
705259,8/10/2016,35.0,0,Medium,199,10,3,4,5,2,0,3,0,32.0
705290,8/10/2016,53.0,1,Medium,4000,177,177,10,26,2,0,3,0,50.0
705372,8/10/2016,166.0,1,Medium,1591,57,2,4,11,3,0,3,0,163.0
705391,8/10/2016,9.8,0,Medium,106,15,1,1,7,2,0,3,0,6.8
705442,8/12/2016,129.2,1,Low,320,13,3,2,4,3,25,0,0,104.2
705562,8/12/2016,12.3,0,Medium,47,5,4,1,1,2,0,3,0,9.3
705573,8/20/2016,42.8,1,Medium,3956,159,123,10,24,2,0,3,0,39.8
705652,8/14/2016,64.8,1,Low,2737,182,8,3,34,2,25,0,0,39.8
705855,8/14/2016,13.8,0,Medium,53,5, ,1,2,2,0,3,0,10.8
705944,8/17/2016,31.0,0,Medium,125,5,3,1,1,2,0,3,0,28.0
705951,8/18/2016,0.3,0,High,52,5,5,3,4,2,0,0,-15,1.2
706191,8/18/2016,9.8,0,Medium,213,11,9,1,2,2,0,3,0,6.8
706237,9/9/2016,12.3,0,Medium,355,34,15,2,10,3,0,3,0,9.3
706255,8/18/2016,34.0,0,Medium,138,6,5,1,1,2,0,3,0,31.0
706415,8/20/2016,169.4,0,Medium,112,20,7,1,4,2,0,3,0,166.4
706475,8/26/2016,22.1,1,Medium,77,2,2,1,1,2,0,3,0,19.1
706508,8/20/2016,38.1,0,Low,957,53,13,1,13,3,25,0,0,13.1
706679,8/23/2016,21.2,0,Medium,92,14,2,2,8,2,0,3,0,18.2
706757,8/26/2016,52.2,0,Medium,823,39,24,3,10,2,0,3,0,49.2
706877,8/26/2016,4.4,1,Medium,71,18, ,5,10,2,0,3,0,1.4
706980,8/28/2016,9.0,0,Medium,30,5,3,1,1,2,0,3,0,6.0
706991,8/27/2016,37.8,0,Medium,213,11,2,1,7,3,0,3,0,34.8
707036,8/27/2016,13.9,0,Medium,91,2,2,1,2,2,0,3,0,10.9
707067,7/10/2016,59.0,1,High,1502,18, ,1,3,2,0,0,-15,74.0
707216,8/30/2016,138.4,1,Low,2933,208,29,3,17,2,25,0,0,113.4
707253,8/31/2016,17.9,0,Medium,207,14,12,2,5,3,0,3,0,14.9
707629,9/4/2016,0.3,0,High,329,13,13,1,8,2,0,0,-15,6.9
707760,9/3/2016,17.9,0,High,251,19,10,2,9,2,0,0,-15,32.9
707833,9/3/2016,3.1,1,Medium,15,2, ,1,2,2,0,3,0,0.1
707864,9/4/2016,0.3,0,High,170,17,12,1,7,2,0,0,-15,10.8
708018,9/7/2016,173.0,1,Medium,64,7,7,1,1,2,0,3,0,170.0
708117,9/8/2016,9.7,0,Medium,121,3, ,1,1,2,0,3,0,6.7
708346,9/10/2016,0.3,0,High,84,10,10,1,2,2,0,0,-15,10.7
708355,9/12/2016,35.0,1,Low,220,12, ,1,3,2,25,0,0,10.0
708675,9/15/2016,0.3,0,High,53,6, ,1,2,2,0,0,-15,8.3
708683,9/14/2016,24.9,0,Medium,38,4,2,1,2,2,0,3,0,21.9
708700,9/22/2016,18.8,0,Medium,37,6,2,1,1,2,0,3,0,15.8
708765,9/14/2016,199.8,1,Medium,285,12,6,3,5,2,0,3,0,196.8
708860,9/21/2016,56.1,1,Low,5948,345,171,10,80,5,25,0,0,31.1
708937,9/21/2016,0.3,0,High,719,15,9,6,7,2,0,0,-15,11.5
709110,9/17/2016,15.0,1,Medium,1910,68,45,6,11,2,0,3,0,12.0
709248,9/18/2016,8.0,0,Medium,13,3, ,1,1,2,0,3,0,5.0
709446,10/2/2016,190.9,1,Medium,39,5,5,1,1,3,0,3,0,187.9
709504,10/1/2016,7.0,1,High,187,30,1,1,4,2,0,0,-15,22.0
710171,9/29/2016,0.3,0,High,50,6,5,2,1,2,0,0,-15,8.1
710237,9/29/2016,151.4,1,Medium,17,2,2,1,1,2,0,3,0,148.4
710264,10/5/2016,6.9,0,High,61,4, ,1,1,2,0,0,-15,21.9
710337,9/28/2016,0.3,0,High,211,19, ,3,10,2,0,0,-15,2.2
710562,10/2/2016,22.2,0,Medium,660,24,2,1,19,2,0,3,0,19.2
710688,10/5/2016,111.1,1,Low,1539,66,50,4,13,3,25,0,0,86.1
710798,10/6/2016,16.1,1,Medium,1540,48,24,8,26,2,0,3,0,13.1
710998,10/12/2016,54.9,1,Low,5887,301,169,11,61,5,25,0,0,29.9
711207,10/12/2016,110.8,1,High,5160,276,256,10,38,2,0,0,-15,125.8
711361,10/12/2016,245.2,1,Medium,1515,96,75,7,17,4,0,3,0,242.2
711667,11/19/2016,6.5,0,High,367,32,21,3,11,2,0,0,-15,21.5
711717,10/15/2016,7.0,1,Medium,2112,56,2,6,25,2,0,3,0,4.0
711830,10/16/2016,6.1,0,Medium,17,3,2,1,2,2,0,3,0,3.1
711846,10/16/2016,37.9,1,Medium,1375,38,23,9,24,2,0,3,0,34.9
712288,10/26/2016,80.1,1,Medium,38,4,4,2,2,2,0,3,0,77.1
712293,10/21/2016,53.2,0,Medium,650,32,18,5,18,4,0,3,0,50.2
712294,10/21/2016,43.0,0,Medium,197,9,3,1,4,3,0,3,0,40.0
712313,11/2/2016,91.7,1,High,1418,66,28,1,1,2,0,0,-15,106.7
712373,12/14/2016,96.1,0,Medium,231,13,3,4,4,2,0,3,0,93.1
712934,10/29/2016,38.1,0,Medium,46,11,8,4,5,2,0,3,0,35.1
712958,10/29/2016,0.3,0,High,57,11, ,3,5,2,0,0,-15,2.4
712972,11/3/2016,58.7,0,Medium,935,68,10,6,21,2,0,3,0,55.7
713102,10/30/2016,20.1,0,High,634,19,6,2,9,2,0,0,-15,35.1
713282,11/2/2016,59.9,1,Low,2269,170,59,9,54,5,25,0,0,34.9
713511,11/4/2016,4.9,1,Medium,98,15,10,3,6,2,0,3,0,1.9
713699,11/5/2016,58.8,1,Low,342,16,15,2,4,2,25,0,0,33.8
714162,11/19/2016,45.1,1,Medium,744,27,4,4,6,2,0,3,0,42.1
714663,11/6/2016,76.0,0,High,5397,277,55,11,47,2,0,0,-15,91.0
714847,11/17/2016,136.0,1,High,5261,227,139,7,22,3,0,0,-15,151.0
714898,12/31/2016,2.9,0,High,52,6,6,1,2,3,0,0,-15,17.9
715010,11/24/2016,0.3,0,High,77,11,1,1,2,2,0,0,-15,9.8
715127,11/27/2016,34.0,0,Medium,398,31,26,10,26,2,0,3,0,31.0
715161,12/18/2016,26.1,1,Medium,107,7,6,2,2,2,0,3,0,23.1
715222,12/2/2016,1.1,0,VeryHigh,35,4,1,2,2,2,0,0,0,1.1
715303,11/25/2016,0.3,0,High,710,19,17,2,5,2,0,0,-15,7.8
715700,11/30/2016,22.7,0,Medium,1257,48,30,7,16,2,0,3,0,19.7
717392,1/13/2017,0.3,0,High,224,18, ,1,4,2,0,0,-15,1.3
717463,1/20/2017,31.8,0,Medium,1658,70,11,3,9,2,0,3,0,28.8
717633,1/5/2017,1.8,0,High,117,12,8,1,4,2,0,0,-15,16.8
717785,12/18/2016,7.1,0,Medium,5,2, ,1,1,2,0,3,0,4.1
718049,12/22/2016,0.3,0,High,335,16, ,1,4,2,0,0,-15,10.3
718185,12/29/2016,7.0,0,VeryHigh,27,3, ,1,2,2,0,0,0,7.0
718656,12/28/2016,0.3,0,High,94,11, ,2,6,2,0,0,-15,2.8
718657,12/29/2016,49.9,1,High,573,39,6,7,19,4,0,0,-15,64.9
718724,12/29/2016,0.3,0,High,63,4,4,1,1,2,0,0,-15,2.0
719033,1/1/2017,30.2,1,Medium,512,29, ,5,8,2,0,3,0,27.2
719196,1/11/2017,73.1,0,High,5306,192,192,6,21,2,0,0,-15,88.1
720215,3/9/2017,73.1,0,VeryHigh,82,4, ,1,1,2,0,0,0,73.1
720518,1/15/2017,0.3,0,High,101,5, ,1,1,2,0,0,-15,4.7
720667,1/19/2017,0.3,1,High,32,5, ,1,3,2,0,0,-15,1.1
721082,1/25/2017,3.3,1,Medium,90,2, ,2,2,2,0,3,0,0.3
721839,1/29/2017,93.4,0,High,1003,73,59,7,20,3,0,0,-15,108.4
722148,5/7/2017,10.2,0,Medium,62,4,1,2,4,2,0,3,0,7.2
722369,2/4/2017,0.3,0,High,480,29,23,1,7,2,0,0,-15,6.1
722431,2/5/2017,32.0,1,Medium,379,30,21,8,14,2,0,3,0,29.0
722546,2/8/2017,0.3,1,High,116,12, ,3,7,2,0,0,-15,9.3
722636,2/15/2017,86.2,1,High,50,9,3,1,2,2,0,0,-15,101.2
722703,4/7/2017,0.3,0,High,86,2,2,1,1,2,0,0,-15,14.0
722751,2/9/2017,1.7,0,VeryHigh,22,4,2,1,1,2,0,0,0,1.7
722926,2/10/2017,0.3,0,High,62,7,7,1,4,2,0,0,-15,4.8
723106,2/12/2017,13.9,1,Medium,197,36,32,11,23,2,0,3,0,10.9
723346,2/18/2017,73.3,0,Medium,328,36,5,5,15,2,0,3,0,70.3
723793,2/26/2017,72.1,1,Low,457,24,19,5,8,2,25,0,0,47.1
724259,3/2/2017,0.3,0,High,25,7,1,1,4,2,0,0,-15,15.0
724400,3/3/2017,68.0,0,Medium,832,115,115,23,58,2,0,3,0,65.0
725361,3/15/2017,0.3,0,High,68,3,3,1,1,2,0,0,-15,0.7
725478,4/8/2017,50.0,1,Low,1284,73,19,6,28,3,25,0,0,25.0
725828,4/20/2017,36.3,0,High,20,7,2,1,3,2,0,0,-15,51.3
725871,4/5/2017,92.3,1,Low,3916,173,150,3,12,2,25,0,0,67.3
725975,4/5/2017,12.5,0,Medium,2414,39,34,2,21,2,0,3,0,9.5
726323,4/6/2017,10.1,0,VeryHigh,7,3,2,2,3,2,0,0,0,10.1
726468,4/7/2017,0.3,0,High,21,4, ,1,1,2,0,0,-15,0.5
726539,4/8/2017,21.6,0,VeryHigh,225,28,4,4,18,2,0,0,0,21.6
727436,4/19/2017,20.0,1,Medium,757,22,20,3,8,2,0,3,0,17.0
727957,4/23/2017,0.3,0,High,45,6, ,2,2,2,0,0,-15,6.1
728048,4/30/2017,0.3,0,High,212,6, ,1,1,2,0,0,-15,12.8
728196,5/3/2017,15.0,0,High,6,2,2,1,1,2,0,0,-15,30.0
728540,4/30/2017,44.1,1,Medium,472,36,23,3,14,2,0,3,0,41.1
728615,5/4/2017,35.0,1,Low,292,29,29,3,19,2,25,0,0,10.0
728778,5/3/2017,11.4,1,Medium,1013,40,17,4,6,2,0,3,0,8.4
728794,5/4/2017,63.1,1,Low,5156,241,241,8,29,3,25,0,0,38.1
728891,5/5/2017,15.0,0,High,194,23,17,2,8,2,0,0,-15,30.0
728964,5/4/2017,12.7,0,High,50,9,7,1,4,3,0,0,-15,27.7
729583,5/12/2017,0.3,0,High,176,17,15,4,5,2,0,0,-15,6.0
730135,5/18/2017,5.8,0,Medium,9,3, ,2,3,2,0,3,0,2.8
730383,5/20/2017,3.2,0,Medium,14,3,1,2,2,2,0,3,0,0.2
730765,5/25/2017,0.9,1,High,2429,118,91,5,36,2,0,0,-15,15.9
5000002,12/17/2014,299.8, ,Low,170,19,9,4,10,3,25,0,0,274.8
5000004,12/11/2014,298.2, ,Low,2340,132,75,7,34,12,25,0,0,273.2
5000017,1/1/2015,264.7, ,Low,6639,305,184,13,65,5,25,0,0,239.7
5000021,4/25/2015,61.0, ,Low,1517,67,24,6,20,2,25,0,0,36.0
5000023,12/31/2014,89.7, ,Low,2014,160,116,14,51,6,25,0,0,64.7
5000026,4/18/2015,56.7, ,Low,3026,146,121,9,42,4,25,0,0,31.7
5000030,4/27/2015,83.9, ,Low,16590,620,450,19,143,3,25,0,0,58.9
5000035,5/2/2015,95.0, ,Low,2734,191,46,16,66,3,25,0,0,70.0
5000037,1/14/2015,173.1, ,Low,485,89,85,18,61,2,25,0,0,148.1
5000054,2/4/2015,97.0, ,Low,7340,150,118,6,47,3,25,0,0,72.0
5000142,3/4/2015,98.9, ,Low,570,33, ,6,13,2,25,0,0,73.9
5000208,8/6/2015,165.0, ,Low,21216,805,609,6,51,3,25,0,0,140.0
5000218,7/31/2015,61.1, ,Low,19,2,2,2,2,2,25,0,0,36.1
5000256,9/10/2015,69.8, ,Low,5787,127,34,3,24,4,25,0,0,44.8
5000293,11/18/2015,53.3, ,Low,131,10,9,5,7,2,25,0,0,28.3
5000361,10/11/2015,115.9, ,Low,20139,225,170,5,35,4,25,0,0,90.9
5000526,11/4/2015,49.6, ,Low,2550,99,81,9,22,3,25,0,0,24.6
5000528,10/22/2015,81.2, ,Low,6136,124,124,8,24,3,25,0,0,56.2
9000098,5/9/2015,129.2, ,Low,201,31,7,4,11,3,25,0,0,104.2
9000136,5/15/2015,89.6, ,Low,4718,115,44,7,20,2,25,0,0,64.6
9000140,2/28/2015,323.8, ,Low,8616,287,158,6,35,3,25,0,0,298.8
9000189,5/14/2015,33.8, ,Low,217,16,16,1,3,2,25,0,0,8.8
9000229,5/22/2015,45.9, ,Low,559,48,37,4,17,3,25,0,0,20.9
9000246,5/23/2015,71.9, ,Low,5372,185,138,8,43,2,25,0,0,46.9
9000270,5/28/2015,137.8, ,Low,4097,72,20,5,11,2,25,0,0,112.8
9000352,6/26/2015,110.9, ,Low,1595,39,23,5,8,2,25,0,0,85.9
9000563,10/8/2015,31.1, ,Low,1965,90,77,2,19,3,25,0,0,6.1
9000564,10/3/2015,56.9, ,Low,516,27,8,2,15,2,25,0,0,31.9
9000569,10/7/2015,53.8, ,Low,596,30,4,2,12,2,25,0,0,28.8
9000570,10/9/2015,33.2, ,Low,807,55,50,7,23,3,25,0,0,8.2
9000574,10/9/2015,29.8, ,Low,528,45,28,3,25,2,25,0,0,4.8
9000575,10/10/2015,46.0, ,Low,492,50,6,4,21,2,25,0,0,21.0
9000578,10/11/2015,39.2, ,Low,1105,74,61,7,21,4,25,0,0,14.2
9000579,10/14/2015,36.0, ,Low,738,49,32,3,13,3,25,0,0,11.0
9000589,10/16/2015,58.8, ,Low,763,68,53,4,17,5,25,0,0,33.8
9000600,10/23/2015,39.8, ,Low,211,29,24,3,12,3,25,0,0,14.8
9000602,10/24/2015,40.2, ,Low,243,16,10,5,8,3,25,0,0,15.2
9000603,10/24/2015,30.8, ,Low,219,35,20,2,26,3,25,0,0,5.8
9000621,11/7/2015,30.8, ,Low,81,10,9,3,4,2,25,0,0,5.8
9000625,11/11/2015,42.9, ,Low,1800,40,40,6,8,3,25,0,0,17.9
9000626,11/11/2015,42.9, ,Low,453,38,38,7,21,3,25,0,0,17.9
9000627,11/11/2015,41.8, ,Low,414,29,29,6,8,3,25,0,0,16.8
9000636,11/13/2015,116.7, ,Low,4301,82,82,1,12,3,25,0,0,91.7
